Home_Team,Away_Team,Home_Score,Away_Score,Home_xG,Away_xG,League
Manchester Utd,Fulham,1,0,2.4,0.4,Premier League
Ipswich Town,Liverpool,0,2,0.5,2.6,Premier League
Newcastle Utd,Southampton,1,0,0.3,1.8,Premier League
Everton,Brighton,0,3,0.5,1.4,Premier League
Nott'ham Forest,Bournemouth,1,1,1.3,1.2,Premier League
Arsenal,Wolves,2,0,1.2,0.5,Premier League
West Ham,Aston Villa,1,2,2.3,2.0,Premier League
Brentford,Crystal Palace,2,1,1.6,1.2,Premier League
Chelsea,Manchester City,0,2,1.0,0.8,Premier League
Leicester City,Tottenham,1,1,1.0,1.2,Premier League
Brighton,Manchester Utd,2,1,2.1,1.4,Premier League
Manchester City,Ipswich Town,4,1,3.3,0.3,Premier League
Southampton,Nott'ham Forest,0,1,0.1,2.2,Premier League
Tottenham,Everton,4,0,2.4,1.0,Premier League
Fulham,Leicester City,2,1,1.8,0.6,Premier League
Crystal Palace,West Ham,0,2,1.3,1.4,Premier League
Aston Villa,Arsenal,0,2,1.2,0.9,Premier League
Wolves,Chelsea,2,6,1.9,1.6,Premier League
Bournemouth,Newcastle Utd,1,1,2.2,1.6,Premier League
Liverpool,Brentford,2,0,2.5,0.5,Premier League
Arsenal,Brighton,1,1,2.1,1.7,Premier League
Ipswich Town,Fulham,1,1,0.4,0.9,Premier League
Nott'ham Forest,Wolves,1,1,1.0,0.7,Premier League
Brentford,Southampton,3,1,2.8,1.5,Premier League
Leicester City,Aston Villa,1,2,0.4,1.4,Premier League
Everton,Bournemouth,2,3,1.8,2.4,Premier League
West Ham,Manchester City,1,3,0.7,3.0,Premier League
Newcastle Utd,Tottenham,2,1,1.8,1.2,Premier League
Chelsea,Crystal Palace,1,1,2.4,0.5,Premier League
Manchester Utd,Liverpool,0,3,1.4,1.8,Premier League
Southampton,Manchester Utd,0,3,1.1,2.6,Premier League
Manchester City,Brentford,2,1,2.1,1.0,Premier League
Liverpool,Nott'ham Forest,0,1,0.9,0.4,Premier League
Crystal Palace,Leicester City,2,2,2.5,1.2,Premier League
Fulham,West Ham,1,1,1.5,0.8,Premier League
Brighton,Ipswich Town,0,0,1.6,0.3,Premier League
Aston Villa,Everton,3,2,2.1,0.9,Premier League
Bournemouth,Chelsea,0,1,1.7,0.8,Premier League
Tottenham,Arsenal,0,1,0.7,0.7,Premier League
Wolves,Newcastle Utd,1,2,1.2,1.5,Premier League
West Ham,Chelsea,0,3,0.9,2.2,Premier League
Tottenham,Brentford,3,1,3.5,0.8,Premier League
Aston Villa,Wolves,3,1,1.7,0.5,Premier League
Fulham,Newcastle Utd,3,1,2.2,1.5,Premier League
Southampton,Ipswich Town,1,1,2.4,1.6,Premier League
Leicester City,Everton,1,1,0.7,1.1,Premier League
Liverpool,Bournemouth,3,0,2.0,1.1,Premier League
Crystal Palace,Manchester Utd,0,0,1.0,1.6,Premier League
Brighton,Nott'ham Forest,2,2,1.0,1.4,Premier League
Manchester City,Arsenal,2,2,2.1,0.7,Premier League
Newcastle Utd,Manchester City,1,1,1.6,0.9,Premier League
Brentford,West Ham,1,1,0.4,1.0,Premier League
Everton,Crystal Palace,2,1,0.9,0.9,Premier League
Arsenal,Leicester City,4,2,4.4,0.3,Premier League
Chelsea,Brighton,4,2,4.2,1.1,Premier League
Nott'ham Forest,Fulham,0,1,0.8,1.3,Premier League
Wolves,Liverpool,1,2,0.6,2.5,Premier League
Ipswich Town,Aston Villa,2,2,1.2,0.8,Premier League
Manchester Utd,Tottenham,0,3,1.0,4.4,Premier League
Bournemouth,Southampton,3,1,1.3,0.6,Premier League
Crystal Palace,Liverpool,0,1,0.6,1.4,Premier League
Brentford,Wolves,5,3,4.2,1.0,Premier League
Leicester City,Bournemouth,1,0,0.8,2.1,Premier League
Manchester City,Fulham,3,2,1.6,2.6,Premier League
West Ham,Ipswich Town,4,1,3.6,0.6,Premier League
Arsenal,Southampton,3,1,2.8,0.6,Premier League
Everton,Newcastle Utd,0,0,0.7,2.1,Premier League
Aston Villa,Manchester Utd,0,0,0.5,0.6,Premier League
Chelsea,Nott'ham Forest,1,1,2.3,0.9,Premier League
Brighton,Tottenham,3,2,1.8,1.3,Premier League
Tottenham,West Ham,4,1,1.9,0.8,Premier League
Fulham,Aston Villa,1,3,1.8,1.6,Premier League
Ipswich Town,Everton,0,2,1.3,1.7,Premier League
Southampton,Leicester City,2,3,2.1,3.1,Premier League
Manchester Utd,Brentford,2,1,1.3,0.9,Premier League
Newcastle Utd,Brighton,0,1,2.0,1.1,Premier League
Bournemouth,Arsenal,2,0,1.8,0.7,Premier League
Wolves,Manchester City,1,2,0.8,1.6,Premier League
Liverpool,Chelsea,2,1,1.9,1.0,Premier League
Nott'ham Forest,Crystal Palace,1,0,1.7,1.0,Premier League
Leicester City,Nott'ham Forest,1,3,0.8,1.7,Premier League
Brighton,Wolves,2,2,1.3,1.3,Premier League
Manchester City,Southampton,1,0,2.9,0.2,Premier League
Brentford,Ipswich Town,4,3,4.0,1.3,Premier League
Aston Villa,Bournemouth,1,1,1.8,0.3,Premier League
Everton,Fulham,1,1,0.8,1.2,Premier League
West Ham,Manchester Utd,2,1,2.8,2.3,Premier League
Chelsea,Newcastle Utd,2,1,1.6,1.8,Premier League
Crystal Palace,Tottenham,1,0,0.8,0.7,Premier League
Arsenal,Liverpool,2,2,0.9,0.8,Premier League
Newcastle Utd,Arsenal,1,0,0.5,1.1,Premier League
Liverpool,Brighton,2,1,1.6,1.0,Premier League
Southampton,Everton,1,0,0.7,1.6,Premier League
Nott'ham Forest,West Ham,3,0,2.2,0.1,Premier League
Ipswich Town,Leicester City,1,1,1.0,1.5,Premier League
Bournemouth,Manchester City,2,1,2.0,1.6,Premier League
Wolves,Crystal Palace,2,2,1.5,2.4,Premier League
Tottenham,Aston Villa,4,1,2.4,1.8,Premier League
Manchester Utd,Chelsea,1,1,2.0,1.1,Premier League
Fulham,Brentford,2,1,1.3,0.6,Premier League
West Ham,Everton,0,0,0.8,1.1,Premier League
Crystal Palace,Fulham,0,2,1.5,1.8,Premier League
Wolves,Southampton,2,0,1.3,0.6,Premier League
Brentford,Bournemouth,3,2,1.5,2.6,Premier League
Brighton,Manchester City,2,1,2.3,2.1,Premier League
Liverpool,Aston Villa,2,0,2.0,1.2,Premier League
Tottenham,Ipswich Town,1,2,1.5,1.6,Premier League
Nott'ham Forest,Newcastle Utd,1,3,0.6,1.6,Premier League
Manchester Utd,Leicester City,3,0,0.8,0.6,Premier League
Chelsea,Arsenal,1,1,1.5,1.5,Premier League
Leicester City,Chelsea,1,2,1.1,2.7,Premier League
Aston Villa,Crystal Palace,2,2,3.0,1.3,Premier League
Fulham,Wolves,1,4,1.0,1.3,Premier League
Bournemouth,Brighton,1,2,1.6,0.9,Premier League
Arsenal,Nott'ham Forest,3,0,1.2,0.3,Premier League
Everton,Brentford,0,0,1.2,1.1,Premier League
Manchester City,Tottenham,0,4,2.1,2.5,Premier League
Southampton,Liverpool,2,3,1.3,3.1,Premier League
Ipswich Town,Manchester Utd,1,1,1.6,0.8,Premier League
Newcastle Utd,West Ham,0,2,1.6,0.9,Premier League
Brighton,Southampton,1,1,1.7,1.0,Premier League
Wolves,Bournemouth,2,4,0.5,3.3,Premier League
Nott'ham Forest,Ipswich Town,1,0,1.6,0.6,Premier League
Brentford,Leicester City,4,1,2.4,1.1,Premier League
Crystal Palace,Newcastle Utd,1,1,1.7,0.0,Premier League
West Ham,Arsenal,2,5,1.5,3.5,Premier League
Manchester Utd,Everton,4,0,1.1,0.6,Premier League
Tottenham,Fulham,1,1,0.8,1.5,Premier League
Chelsea,Aston Villa,3,0,1.6,1.2,Premier League
Liverpool,Manchester City,2,0,3.4,0.8,Premier League
Ipswich Town,Crystal Palace,0,1,0.5,1.6,Premier League
Leicester City,West Ham,3,1,1.7,3.0,Premier League
Newcastle Utd,Liverpool,3,3,2.1,1.9,Premier League
Everton,Wolves,4,0,1.0,0.8,Premier League
Manchester City,Nott'ham Forest,3,0,2.4,1.0,Premier League
Southampton,Chelsea,1,5,1.6,5.2,Premier League
Arsenal,Manchester Utd,2,0,2.1,0.2,Premier League
Aston Villa,Brentford,3,1,2.4,0.9,Premier League
Fulham,Brighton,3,1,1.1,1.4,Premier League
Bournemouth,Tottenham,1,0,3.5,0.9,Premier League
Aston Villa,Southampton,1,0,2.3,0.3,Premier League
Crystal Palace,Manchester City,2,2,1.3,1.4,Premier League
Brentford,Newcastle Utd,4,2,1.2,1.5,Premier League
Manchester Utd,Nott'ham Forest,2,3,1.6,0.8,Premier League
Leicester City,Brighton,2,2,1.3,1.5,Premier League
Ipswich Town,Bournemouth,1,2,1.3,3.2,Premier League
Fulham,Arsenal,1,1,0.2,1.8,Premier League
Tottenham,Chelsea,3,4,2.8,2.8,Premier League
West Ham,Wolves,2,1,1.0,1.4,Premier League
Liverpool,Fulham,2,2,2.1,1.2,Premier League
Wolves,Ipswich Town,1,2,1.3,1.1,Premier League
Newcastle Utd,Leicester City,4,0,3.8,0.2,Premier League
Arsenal,Everton,0,0,1.2,0.1,Premier League
Nott'ham Forest,Aston Villa,2,1,1.7,0.4,Premier League
Brighton,Crystal Palace,1,3,1.0,2.2,Premier League
Manchester City,Manchester Utd,1,2,0.9,2.1,Premier League
Southampton,Tottenham,0,5,0.8,2.3,Premier League
Chelsea,Brentford,2,1,2.2,1.6,Premier League
Bournemouth,West Ham,1,1,1.9,2.1,Premier League
Aston Villa,Manchester City,2,1,1.6,1.0,Premier League
Ipswich Town,Newcastle Utd,0,4,0.7,2.3,Premier League
Brentford,Nott'ham Forest,0,2,0.7,0.9,Premier League
West Ham,Brighton,1,1,1.2,0.9,Premier League
Crystal Palace,Arsenal,1,5,1.6,2.5,Premier League
Manchester Utd,Bournemouth,0,3,2.2,1.6,Premier League
Leicester City,Wolves,0,3,0.8,1.1,Premier League
Everton,Chelsea,0,0,1.0,1.2,Premier League
Fulham,Southampton,0,0,0.9,0.3,Premier League
Tottenham,Liverpool,3,6,1.3,5.6,Premier League
Manchester City,Everton,1,1,2.1,0.7,Premier League
Southampton,West Ham,0,1,1.4,1.7,Premier League
Newcastle Utd,Aston Villa,3,0,2.7,0.3,Premier League
Nott'ham Forest,Tottenham,1,0,1.1,0.9,Premier League
Bournemouth,Crystal Palace,0,0,1.4,0.4,Premier League
Chelsea,Fulham,1,2,1.1,1.8,Premier League
Wolves,Manchester Utd,2,0,0.9,0.4,Premier League
Liverpool,Leicester City,3,1,2.0,0.3,Premier League
Brighton,Brentford,0,0,1.3,1.1,Premier League
Arsenal,Ipswich Town,1,0,1.8,0.2,Premier League
Leicester City,Manchester City,0,2,1.3,1.3,Premier League
Everton,Nott'ham Forest,0,2,0.9,1.5,Premier League
Tottenham,Wolves,2,2,2.2,0.7,Premier League
Fulham,Bournemouth,2,2,1.1,2.0,Premier League
Crystal Palace,Southampton,2,1,2.0,0.9,Premier League
West Ham,Liverpool,0,5,0.4,3.1,Premier League
Aston Villa,Brighton,2,2,1.8,1.1,Premier League
Ipswich Town,Chelsea,2,0,1.6,2.0,Premier League
Manchester Utd,Newcastle Utd,0,2,0.8,1.9,Premier League
Brentford,Arsenal,1,3,0.3,1.9,Premier League
Tottenham,Newcastle Utd,1,2,0.9,2.5,Premier League
Aston Villa,Leicester City,2,1,1.4,0.4,Premier League
Bournemouth,Everton,1,0,1.8,0.7,Premier League
Crystal Palace,Chelsea,1,1,1.1,1.2,Premier League
Southampton,Brentford,0,5,0.3,4.4,Premier League
Manchester City,West Ham,4,1,1.9,1.4,Premier League
Brighton,Arsenal,1,1,1.5,0.9,Premier League
Fulham,Ipswich Town,2,2,2.2,1.5,Premier League
Liverpool,Manchester Utd,2,2,2.7,1.0,Premier League
Wolves,Nott'ham Forest,0,3,1.5,2.1,Premier League
West Ham,Fulham,3,2,1.0,1.7,Premier League
Chelsea,Bournemouth,2,2,2.5,1.2,Premier League
Brentford,Manchester City,2,2,2.5,2.2,Premier League
Nott'ham Forest,Liverpool,1,1,0.3,2.0,Premier League
Leicester City,Crystal Palace,0,2,1.7,1.8,Premier League
Everton,Aston Villa,0,1,1.1,1.2,Premier League
Newcastle Utd,Wolves,3,0,2.1,1.6,Premier League
Arsenal,Tottenham,2,1,1.4,0.8,Premier League
Ipswich Town,Brighton,0,2,0.3,1.0,Premier League
Manchester Utd,Southampton,3,1,3.4,1.4,Premier League
Newcastle Utd,Bournemouth,1,4,0.8,2.0,Premier League
Leicester City,Fulham,0,2,0.6,2.0,Premier League
West Ham,Crystal Palace,0,2,0.3,1.3,Premier League
Brentford,Liverpool,0,2,0.7,3.4,Premier League
Arsenal,Aston Villa,2,2,1.3,1.0,Premier League
Everton,Tottenham,3,2,1.8,1.1,Premier League
Manchester Utd,Brighton,1,3,1.5,1.9,Premier League
Nott'ham Forest,Southampton,3,2,1.8,0.9,Premier League
Ipswich Town,Manchester City,0,6,0.5,3.0,Premier League
Chelsea,Wolves,3,1,3.1,0.8,Premier League
Southampton,Newcastle Utd,1,3,0.8,2.9,Premier League
Brighton,Everton,0,1,0.7,0.8,Premier League
Liverpool,Ipswich Town,4,1,2.0,0.5,Premier League
Bournemouth,Nott'ham Forest,5,0,1.7,1.0,Premier League
Wolves,Arsenal,0,1,0.7,1.0,Premier League
Manchester City,Chelsea,3,1,2.2,1.8,Premier League
Crystal Palace,Brentford,1,2,1.1,1.3,Premier League
Tottenham,Leicester City,1,2,1.0,1.6,Premier League
Aston Villa,West Ham,1,1,0.9,1.3,Premier League
Fulham,Manchester Utd,0,1,0.7,0.3,Premier League
Nott'ham Forest,Brighton,7,0,3.3,0.9,Premier League
Everton,Leicester City,4,0,2.5,0.3,Premier League
Newcastle Utd,Fulham,1,2,0.8,1.6,Premier League
Bournemouth,Liverpool,0,2,1.6,2.5,Premier League
Ipswich Town,Southampton,1,2,1.8,0.9,Premier League
Wolves,Aston Villa,2,0,1.6,0.4,Premier League
Manchester Utd,Crystal Palace,0,2,1.1,2.6,Premier League
Brentford,Tottenham,0,2,2.1,0.8,Premier League
Arsenal,Manchester City,5,1,1.0,0.8,Premier League
Chelsea,West Ham,2,1,1.6,1.2,Premier League
Everton,Liverpool,2,2,1.0,0.6,Premier League
Brighton,Chelsea,3,0,1.4,0.5,Premier League
Leicester City,Arsenal,0,2,0.2,1.4,Premier League
Fulham,Nott'ham Forest,2,1,2.1,0.4,Premier League
Manchester City,Newcastle Utd,4,0,1.9,0.5,Premier League
Southampton,Bournemouth,1,3,0.8,1.2,Premier League
Aston Villa,Ipswich Town,1,1,2.4,0.4,Premier League
West Ham,Brentford,0,1,0.8,1.6,Premier League
Crystal Palace,Everton,1,2,1.6,0.9,Premier League
Liverpool,Wolves,2,1,1.7,1.5,Premier League
Tottenham,Manchester Utd,1,0,2.2,1.5,Premier League
Aston Villa,Liverpool,2,2,0.6,2.5,Premier League
Leicester City,Brentford,0,4,0.5,1.5,Premier League
Everton,Manchester Utd,2,2,1.6,0.4,Premier League
Fulham,Crystal Palace,0,2,0.2,1.3,Premier League
Bournemouth,Wolves,0,1,0.9,2.0,Premier League
Ipswich Town,Tottenham,1,4,1.1,1.7,Premier League
Arsenal,West Ham,0,1,1.2,1.1,Premier League
Southampton,Brighton,0,4,0.1,3.9,Premier League
Aston Villa,Chelsea,2,1,2.3,2.3,Premier League
Newcastle Utd,Nott'ham Forest,4,3,2.9,1.7,Premier League
Manchester City,Liverpool,0,2,0.6,0.7,Premier League
Brighton,Bournemouth,2,1,2.4,1.5,Premier League
Crystal Palace,Aston Villa,4,1,4.3,0.4,Premier League
Wolves,Fulham,1,2,1.3,1.7,Premier League
Chelsea,Southampton,4,0,2.4,0.7,Premier League
Tottenham,Manchester City,0,1,1.3,2.1,Premier League
Nott'ham Forest,Arsenal,0,0,0.4,1.0,Premier League
Manchester Utd,Ipswich Town,3,2,0.7,1.4,Premier League
Brentford,Everton,1,1,1.4,1.5,Premier League
Liverpool,Newcastle Utd,2,0,1.7,0.2,Premier League
West Ham,Leicester City,2,0,1.3,0.4,Premier League
Nott'ham Forest,Manchester City,1,0,0.7,0.9,Premier League
Liverpool,Southampton,3,1,3.9,0.4,Premier League
Brighton,Fulham,2,1,1.5,0.9,Premier League
Crystal Palace,Ipswich Town,1,0,3.2,1.5,Premier League
Brentford,Aston Villa,0,1,0.8,1.3,Premier League
Wolves,Everton,1,1,0.8,1.2,Premier League
Chelsea,Leicester City,1,0,1.7,0.1,Premier League
Tottenham,Bournemouth,2,2,1.5,2.2,Premier League
Manchester Utd,Arsenal,1,1,1.5,1.6,Premier League
West Ham,Newcastle Utd,0,1,0.7,1.4,Premier League
Everton,West Ham,1,1,1.0,0.8,Premier League
Southampton,Wolves,1,2,1.3,0.4,Premier League
Ipswich Town,Nott'ham Forest,2,4,0.4,1.5,Premier League
Manchester City,Brighton,2,2,1.7,2.0,Premier League
Bournemouth,Brentford,1,2,1.6,0.8,Premier League
Arsenal,Chelsea,1,0,0.7,0.4,Premier League
Fulham,Tottenham,2,0,1.0,0.9,Premier League
Leicester City,Manchester Utd,0,3,1.0,0.9,Premier League
Athletic Club,Getafe,1,1,0.3,0.8,La Liga
Betis,Girona,1,1,1.4,1.6,La Liga
Celta Vigo,Alavés,2,1,0.8,1.6,La Liga
Las Palmas,Sevilla,2,2,1.4,1.8,La Liga
Osasuna,Leganés,1,1,1.7,1.0,La Liga
Valencia,Barcelona,1,2,1.0,3.2,La Liga
Real Sociedad,Rayo Vallecano,1,2,1.1,1.1,La Liga
Mallorca,Real Madrid,1,1,1.0,0.6,La Liga
Valladolid,Espanyol,1,0,0.8,0.7,La Liga
Villarreal,Atlético Madrid,2,2,0.8,1.1,La Liga
Celta Vigo,Valencia,3,1,1.3,0.9,La Liga
Sevilla,Villarreal,1,2,1.0,0.9,La Liga
Osasuna,Mallorca,1,0,0.6,0.6,La Liga
Barcelona,Athletic Club,2,1,1.8,1.0,La Liga
Getafe,Rayo Vallecano,0,0,0.5,0.2,La Liga
Espanyol,Real Sociedad,0,1,1.6,0.7,La Liga
Real Madrid,Valladolid,3,0,2.1,0.4,La Liga
Leganés,Las Palmas,2,1,1.5,0.9,La Liga
Alavés,Betis,0,0,0.2,1.5,La Liga
Atlético Madrid,Girona,3,0,1.2,0.7,La Liga
Villarreal,Celta Vigo,4,3,3.6,2.7,La Liga
Mallorca,Sevilla,0,0,0.9,0.7,La Liga
Rayo Vallecano,Barcelona,1,2,0.4,1.4,La Liga
Athletic Club,Valencia,1,0,1.4,0.1,La Liga
Valladolid,Leganés,0,0,1.1,0.2,La Liga
Atlético Madrid,Espanyol,0,0,2.3,0.6,La Liga
Real Sociedad,Alavés,1,2,1.0,1.6,La Liga
Girona,Osasuna,4,0,2.4,0.0,La Liga
Las Palmas,Real Madrid,1,1,0.8,2.5,La Liga
Barcelona,Valladolid,7,0,4.7,0.5,La Liga
Athletic Club,Atlético Madrid,0,1,0.3,1.7,La Liga
Espanyol,Rayo Vallecano,2,1,1.6,1.3,La Liga
Valencia,Villarreal,1,1,1.1,0.5,La Liga
Leganés,Mallorca,0,1,0.3,1.0,La Liga
Alavés,Las Palmas,2,0,2.0,0.7,La Liga
Osasuna,Celta Vigo,3,2,0.9,1.7,La Liga
Sevilla,Girona,0,2,0.9,1.9,La Liga
Getafe,Real Sociedad,0,0,0.6,0.0,La Liga
Real Madrid,Betis,2,0,2.4,0.6,La Liga
Betis,Leganés,2,0,2.1,0.1,La Liga
Mallorca,Villarreal,1,2,0.3,1.8,La Liga
Espanyol,Alavés,3,2,1.6,1.9,La Liga
Sevilla,Getafe,1,0,1.4,1.0,La Liga
Real Sociedad,Real Madrid,0,2,1.1,2.3,La Liga
Celta Vigo,Valladolid,3,1,1.8,0.5,La Liga
Girona,Barcelona,1,4,1.3,1.9,La Liga
Las Palmas,Athletic Club,2,3,1.4,1.7,La Liga
Atlético Madrid,Valencia,3,0,3.1,0.1,La Liga
Rayo Vallecano,Osasuna,3,1,1.6,0.3,La Liga
Mallorca,Real Sociedad,1,0,1.2,0.6,La Liga
Betis,Getafe,2,1,2.6,0.6,La Liga
Leganés,Athletic Club,0,2,0.9,1.3,La Liga
Alavés,Sevilla,2,1,1.1,0.5,La Liga
Valladolid,Real Sociedad,0,0,1.0,1.4,La Liga
Osasuna,Las Palmas,2,1,1.9,0.8,La Liga
Valencia,Girona,2,0,0.4,0.4,La Liga
Real Madrid,Espanyol,4,1,4.4,0.3,La Liga
Getafe,Leganés,1,1,1.5,0.6,La Liga
Athletic Club,Celta Vigo,3,1,0.7,1.3,La Liga
Villarreal,Barcelona,1,5,2.2,3.9,La Liga
Rayo Vallecano,Atlético Madrid,1,1,1.7,0.5,La Liga
Betis,Mallorca,1,2,1.0,1.0,La Liga
Sevilla,Valladolid,2,1,2.1,0.7,La Liga
Valencia,Osasuna,0,0,0.7,0.5,La Liga
Real Madrid,Alavés,3,2,1.3,0.9,La Liga
Girona,Rayo Vallecano,0,0,2.0,0.5,La Liga
Barcelona,Getafe,1,0,1.9,0.7,La Liga
Las Palmas,Betis,1,1,1.0,1.9,La Liga
Espanyol,Villarreal,1,2,0.4,1.6,La Liga
Celta Vigo,Atlético Madrid,0,1,1.5,0.6,La Liga
Valladolid,Mallorca,1,2,1.2,2.2,La Liga
Getafe,Alavés,2,0,2.1,0.5,La Liga
Rayo Vallecano,Leganés,1,1,0.9,0.9,La Liga
Real Sociedad,Valencia,3,0,3.4,0.8,La Liga
Osasuna,Barcelona,4,2,2.2,0.8,La Liga
Celta Vigo,Girona,1,1,0.5,0.8,La Liga
Athletic Club,Sevilla,1,1,2.0,1.1,La Liga
Betis,Espanyol,1,0,2.1,0.5,La Liga
Atlético Madrid,Real Madrid,1,1,1.3,0.8,La Liga
Villarreal,Las Palmas,3,1,2.8,0.9,La Liga
Leganés,Valencia,0,0,0.8,0.5,La Liga
Espanyol,Mallorca,2,1,0.9,1.6,La Liga
Getafe,Osasuna,1,1,0.8,0.3,La Liga
Las Palmas,Celta Vigo,0,1,1.3,0.8,La Liga
Valladolid,Rayo Vallecano,1,2,2.0,1.5,La Liga
Real Madrid,Villarreal,2,0,0.5,1.1,La Liga
Girona,Athletic Club,2,1,1.9,3.1,La Liga
Alavés,Barcelona,0,3,0.7,2.7,La Liga
Sevilla,Betis,1,0,1.4,0.6,La Liga
Real Sociedad,Atlético Madrid,1,1,1.0,0.5,La Liga
Alavés,Valladolid,2,3,0.5,2.4,La Liga
Athletic Club,Espanyol,4,1,1.3,0.2,La Liga
Osasuna,Betis,1,2,2.0,2.1,La Liga
Girona,Real Sociedad,0,1,0.4,1.7,La Liga
Celta Vigo,Real Madrid,1,2,1.8,0.7,La Liga
Mallorca,Rayo Vallecano,1,0,2.0,0.6,La Liga
Atlético Madrid,Leganés,3,1,4.4,0.3,La Liga
Villarreal,Getafe,1,1,0.9,1.9,La Liga
Barcelona,Sevilla,5,1,3.8,1.0,La Liga
Valencia,Las Palmas,2,3,1.6,1.2,La Liga
Espanyol,Sevilla,0,2,1.2,0.8,La Liga
Valladolid,Villarreal,1,2,0.9,2.0,La Liga
Rayo Vallecano,Alavés,1,0,1.9,0.9,La Liga
Las Palmas,Girona,1,0,0.9,0.6,La Liga
Real Madrid,Barcelona,0,4,1.5,2.6,La Liga
Leganés,Celta Vigo,3,0,1.6,0.9,La Liga
Getafe,Valencia,1,1,2.2,0.7,La Liga
Betis,Atlético Madrid,1,0,1.9,0.5,La Liga
Real Sociedad,Osasuna,0,2,1.6,1.0,La Liga
Mallorca,Athletic Club,0,0,0.5,0.6,La Liga
Alavés,Mallorca,1,0,1.1,0.5,La Liga
Osasuna,Valladolid,1,0,2.2,0.2,La Liga
Girona,Leganés,4,3,2.0,0.4,La Liga
Atlético Madrid,Las Palmas,2,0,1.6,0.0,La Liga
Barcelona,Espanyol,3,1,1.8,0.9,La Liga
Sevilla,Real Sociedad,0,2,1.1,1.4,La Liga
Athletic Club,Betis,1,1,4.0,0.9,La Liga
Celta Vigo,Getafe,1,0,1.9,0.5,La Liga
Rayo Vallecano,Las Palmas,1,3,2.4,1.1,La Liga
Real Madrid,Osasuna,4,0,3.1,0.1,La Liga
Villarreal,Alavés,3,0,1.5,0.5,La Liga
Leganés,Sevilla,1,0,1.1,0.6,La Liga
Betis,Celta Vigo,2,2,1.6,1.2,La Liga
Mallorca,Atlético Madrid,0,1,0.6,0.6,La Liga
Valladolid,Athletic Club,1,1,0.6,1.2,La Liga
Getafe,Girona,0,1,0.6,0.2,La Liga
Real Sociedad,Barcelona,1,0,2.0,0.7,La Liga
Getafe,Valladolid,2,0,0.6,1.1,La Liga
Valencia,Betis,4,2,1.5,1.3,La Liga
Atlético Madrid,Alavés,2,1,1.6,0.9,La Liga
Las Palmas,Mallorca,2,3,1.2,1.7,La Liga
Girona,Espanyol,4,1,3.5,0.5,La Liga
Celta Vigo,Barcelona,2,2,2.5,1.8,La Liga
Osasuna,Villarreal,2,2,1.0,2.5,La Liga
Sevilla,Rayo Vallecano,1,0,1.1,0.8,La Liga
Leganés,Real Madrid,0,3,0.1,1.8,La Liga
Athletic Club,Real Sociedad,1,0,1.3,0.5,La Liga
Mallorca,Valencia,2,1,0.8,1.3,La Liga
Barcelona,Las Palmas,1,2,2.3,0.5,La Liga
Alavés,Leganés,1,1,1.1,0.9,La Liga
Espanyol,Celta Vigo,3,1,0.9,1.6,La Liga
Valladolid,Atlético Madrid,0,5,0.6,4.0,La Liga
Villarreal,Girona,2,2,2.0,0.5,La Liga
Real Madrid,Getafe,2,0,3.2,0.5,La Liga
Rayo Vallecano,Athletic Club,1,2,0.2,0.7,La Liga
Real Sociedad,Betis,2,0,0.8,0.4,La Liga
Sevilla,Osasuna,1,1,1.3,0.7,La Liga
Mallorca,Barcelona,1,5,0.9,5.0,La Liga
Athletic Club,Real Madrid,2,1,1.8,1.7,La Liga
Celta Vigo,Mallorca,2,0,0.9,0.8,La Liga
Las Palmas,Valladolid,2,1,1.1,1.3,La Liga
Betis,Barcelona,2,2,3.1,1.9,La Liga
Valencia,Rayo Vallecano,0,1,1.3,0.9,La Liga
Girona,Real Madrid,0,3,0.4,0.9,La Liga
Leganés,Real Sociedad,0,3,0.7,1.8,La Liga
Athletic Club,Villarreal,2,0,1.2,0.8,La Liga
Osasuna,Alavés,2,2,1.8,1.3,La Liga
Atlético Madrid,Sevilla,4,3,2.0,0.4,La Liga
Getafe,Espanyol,1,0,0.4,0.7,La Liga
Valladolid,Valencia,1,0,0.6,0.8,La Liga
Espanyol,Osasuna,0,0,0.3,0.3,La Liga
Mallorca,Girona,2,1,1.2,0.8,La Liga
Sevilla,Celta Vigo,1,0,0.7,1.2,La Liga
Rayo Vallecano,Real Madrid,3,3,1.6,0.7,La Liga
Atlético Madrid,Getafe,1,0,1.7,0.2,La Liga
Alavés,Athletic Club,1,1,0.9,0.7,La Liga
Real Sociedad,Las Palmas,0,0,1.1,1.0,La Liga
Villarreal,Betis,1,2,1.9,0.8,La Liga
Barcelona,Leganés,0,1,2.6,0.4,La Liga
Villarreal,Rayo Vallecano,1,1,1.4,1.5,La Liga
Espanyol,Valencia,1,1,2.1,2.0,La Liga
Girona,Valladolid,3,0,2.5,0.0,La Liga
Getafe,Mallorca,0,1,0.8,2.3,La Liga
Celta Vigo,Real Sociedad,2,0,1.3,0.3,La Liga
Osasuna,Athletic Club,1,2,0.6,1.2,La Liga
Barcelona,Atlético Madrid,1,2,2.7,0.7,La Liga
Valencia,Alavés,2,2,1.5,1.6,La Liga
Real Madrid,Sevilla,4,2,2.0,1.3,La Liga
Las Palmas,Espanyol,1,0,0.9,0.7,La Liga
Leganés,Villarreal,2,5,1.2,3.3,La Liga
Betis,Rayo Vallecano,1,1,2.1,0.9,La Liga
Valencia,Real Madrid,1,2,1.3,2.7,La Liga
Rayo Vallecano,Celta Vigo,2,1,0.7,2.1,La Liga
Alavés,Girona,0,1,1.3,0.5,La Liga
Valladolid,Betis,1,0,1.2,0.7,La Liga
Espanyol,Leganés,1,1,0.7,2.0,La Liga
Sevilla,Valencia,1,1,0.5,0.7,La Liga
Las Palmas,Getafe,1,2,1.3,1.1,La Liga
Atlético Madrid,Osasuna,1,0,2.5,0.3,La Liga
Real Sociedad,Villarreal,1,0,0.8,1.2,La Liga
Espanyol,Valladolid,2,1,1.0,1.2,La Liga
Girona,Sevilla,1,2,1.0,2.6,La Liga
Leganés,Atlético Madrid,1,0,0.5,2.4,La Liga
Betis,Alavés,1,3,0.5,1.5,La Liga
Getafe,Barcelona,1,1,1.3,2.3,La Liga
Celta Vigo,Athletic Club,1,2,0.6,1.8,La Liga
Real Madrid,Las Palmas,4,1,5.9,1.1,La Liga
Osasuna,Rayo Vallecano,1,1,0.8,0.8,La Liga
Valencia,Real Sociedad,1,0,1.6,0.8,La Liga
Villarreal,Mallorca,4,0,2.4,0.5,La Liga
Las Palmas,Osasuna,1,1,0.8,2.6,La Liga
Mallorca,Betis,0,1,1.0,0.4,La Liga
Atlético Madrid,Villarreal,1,1,1.7,2.2,La Liga
Sevilla,Espanyol,1,1,1.2,0.7,La Liga
Valladolid,Real Madrid,0,3,0.2,2.0,La Liga
Rayo Vallecano,Girona,2,1,2.4,1.0,La Liga
Real Sociedad,Getafe,0,3,0.9,1.4,La Liga
Athletic Club,Leganés,0,0,2.1,1.0,La Liga
Barcelona,Valencia,7,1,4.4,1.5,La Liga
Alavés,Celta Vigo,1,1,0.9,0.1,La Liga
Leganés,Rayo Vallecano,0,1,0.9,2.2,La Liga
Getafe,Sevilla,0,0,1.0,0.9,La Liga
Villarreal,Valladolid,5,1,3.5,0.5,La Liga
Atlético Madrid,Mallorca,2,0,1.3,0.5,La Liga
Espanyol,Real Madrid,1,0,0.3,1.3,La Liga
Barcelona,Alavés,1,0,1.0,0.1,La Liga
Valencia,Celta Vigo,2,1,1.6,0.4,La Liga
Osasuna,Real Sociedad,2,1,0.7,2.0,La Liga
Betis,Athletic Club,2,2,1.1,1.4,La Liga
Girona,Las Palmas,2,1,2.0,1.5,La Liga
Rayo Vallecano,Valladolid,1,0,2.3,0.4,La Liga
Celta Vigo,Betis,3,2,2.2,1.3,La Liga
Athletic Club,Girona,3,0,3.6,0.1,La Liga
Las Palmas,Villarreal,1,2,1.4,0.9,La Liga
Real Madrid,Atlético Madrid,1,1,1.6,1.5,La Liga
Alavés,Getafe,0,1,1.4,0.9,La Liga
Valencia,Leganés,2,0,1.9,0.5,La Liga
Real Sociedad,Espanyol,2,1,1.7,0.9,La Liga
Sevilla,Barcelona,1,4,0.7,1.9,La Liga
Mallorca,Osasuna,1,1,1.3,1.4,La Liga
Girona,Getafe,1,2,0.9,0.6,La Liga
Leganés,Alavés,3,3,1.8,1.7,La Liga
Osasuna,Real Madrid,1,1,1.4,1.4,La Liga
Atlético Madrid,Celta Vigo,1,1,0.6,1.7,La Liga
Villarreal,Valencia,1,1,1.3,1.1,La Liga
Espanyol,Athletic Club,1,1,0.8,1.0,La Liga
Valladolid,Sevilla,0,4,0.5,1.1,La Liga
Mallorca,Las Palmas,3,1,1.7,0.8,La Liga
Betis,Real Sociedad,3,0,2.3,0.3,La Liga
Barcelona,Rayo Vallecano,1,0,2.3,1.0,La Liga
Celta Vigo,Osasuna,1,0,1.8,1.2,La Liga
Alavés,Espanyol,0,1,1.8,0.4,La Liga
Rayo Vallecano,Villarreal,0,1,0.6,0.6,La Liga
Valencia,Atlético Madrid,0,3,0.8,1.3,La Liga
Las Palmas,Barcelona,0,2,0.4,1.4,La Liga
Athletic Club,Valladolid,7,1,3.8,0.5,La Liga
Real Madrid,Girona,2,0,2.2,0.4,La Liga
Getafe,Betis,1,2,1.2,2.0,La Liga
Real Sociedad,Leganés,3,0,0.7,0.3,La Liga
Sevilla,Mallorca,1,1,1.3,2.3,La Liga
Valladolid,Las Palmas,1,1,1.8,0.2,La Liga
Girona,Celta Vigo,2,2,0.7,1.8,La Liga
Rayo Vallecano,Sevilla,1,1,2.8,0.6,La Liga
Betis,Real Madrid,2,1,2.4,0.9,La Liga
Atlético Madrid,Athletic Club,1,0,2.2,1.1,La Liga
Leganés,Getafe,1,0,1.0,0.3,La Liga
Barcelona,Real Sociedad,4,0,2.8,0.0,La Liga
Mallorca,Alavés,1,1,1.1,1.6,La Liga
Osasuna,Valencia,3,3,1.5,1.7,La Liga
Celta Vigo,Leganés,2,1,0.9,1.0,La Liga
Alavés,Villarreal,1,0,1.0,2.8,La Liga
Valencia,Valladolid,2,1,1.9,0.9,La Liga
Getafe,Atlético Madrid,2,1,1.2,0.9,La Liga
Real Madrid,Rayo Vallecano,2,1,1.5,1.0,La Liga
Athletic Club,Mallorca,1,1,0.7,0.5,La Liga
Betis,Las Palmas,1,0,2.3,0.6,La Liga
Real Sociedad,Sevilla,0,1,0.7,0.6,La Liga
Espanyol,Girona,1,1,0.2,1.6,La Liga
Las Palmas,Alavés,2,2,1.8,1.7,La Liga
Valladolid,Celta Vigo,0,1,0.7,1.5,La Liga
Mallorca,Espanyol,2,1,2.7,0.2,La Liga
Villarreal,Real Madrid,1,2,1.6,1.1,La Liga
Girona,Valencia,1,1,0.9,1.0,La Liga
Leganés,Betis,2,3,1.3,2.7,La Liga
Sevilla,Athletic Club,0,1,0.5,1.3,La Liga
Rayo Vallecano,Real Sociedad,2,2,0.6,0.6,La Liga
Osasuna,Getafe,1,2,1.9,0.5,La Liga
Atlético Madrid,Barcelona,2,4,1.4,1.3,La Liga
Barcelona,Osasuna,3,0,3.7,0.4,La Liga
Real Sociedad,Valladolid,2,1,0.7,0.7,La Liga
Espanyol,Atlético Madrid,1,1,1.0,0.8,La Liga
Alavés,Rayo Vallecano,0,2,1.5,0.6,La Liga
Real Madrid,Leganés,3,2,2.9,2.4,La Liga
Getafe,Villarreal,1,2,1.0,1.2,La Liga
Barcelona,Girona,4,1,2.3,0.5,La Liga
Athletic Club,Osasuna,0,0,0.7,0.4,La Liga
Valencia,Mallorca,1,0,0.7,0.6,La Liga
Betis,Sevilla,2,1,1.1,0.7,La Liga
Celta Vigo,Las Palmas,1,1,0.9,0.3,La Liga
Gladbach,Leverkusen,2,3,1.6,2.7,Bundesliga
Hoffenheim,Holstein Kiel,3,2,3.5,1.7,Bundesliga
Mainz 05,Union Berlin,1,1,1.2,0.6,Bundesliga
Augsburg,Werder Bremen,2,2,1.0,1.4,Bundesliga
Freiburg,Stuttgart,3,1,2.1,0.4,Bundesliga
RB Leipzig,Bochum,1,0,1.3,1.0,Bundesliga
Dortmund,Eint Frankfurt,2,0,1.7,1.4,Bundesliga
Wolfsburg,Bayern Munich,2,3,1.9,2.4,Bundesliga
St. Pauli,Heidenheim,0,2,1.2,1.1,Bundesliga
Union Berlin,St. Pauli,1,0,1.1,0.5,Bundesliga
Werder Bremen,Dortmund,0,0,0.3,0.6,Bundesliga
Eint Frankfurt,Hoffenheim,3,1,2.4,1.0,Bundesliga
Bochum,Gladbach,0,2,0.7,2.9,Bundesliga
Holstein Kiel,Wolfsburg,0,2,1.1,1.3,Bundesliga
Stuttgart,Mainz 05,3,3,3.8,2.3,Bundesliga
Leverkusen,RB Leipzig,2,3,2.2,1.1,Bundesliga
Heidenheim,Augsburg,4,0,3.1,0.7,Bundesliga
Bayern Munich,Freiburg,2,0,1.5,1.0,Bundesliga
Dortmund,Heidenheim,4,2,2.6,1.8,Bundesliga
RB Leipzig,Union Berlin,0,0,1.3,0.6,Bundesliga
Gladbach,Stuttgart,1,3,1.6,2.2,Bundesliga
Freiburg,Bochum,2,1,3.7,0.9,Bundesliga
Wolfsburg,Eint Frankfurt,1,2,1.5,2.5,Bundesliga
Hoffenheim,Leverkusen,1,4,0.9,3.5,Bundesliga
Holstein Kiel,Bayern Munich,1,6,0.3,3.2,Bundesliga
Augsburg,St. Pauli,3,1,2.7,0.5,Bundesliga
Mainz 05,Werder Bremen,1,2,1.1,1.6,Bundesliga
Augsburg,Mainz 05,2,3,2.4,1.0,Bundesliga
Union Berlin,Hoffenheim,2,1,1.2,0.4,Bundesliga
Bochum,Holstein Kiel,2,2,0.8,1.9,Bundesliga
Heidenheim,Freiburg,0,3,0.7,1.4,Bundesliga
Werder Bremen,Bayern Munich,0,5,0.0,3.0,Bundesliga
Eint Frankfurt,Gladbach,2,0,2.7,1.7,Bundesliga
Leverkusen,Wolfsburg,4,3,1.9,0.7,Bundesliga
Stuttgart,Dortmund,5,1,3.4,0.7,Bundesliga
St. Pauli,RB Leipzig,0,0,1.4,0.7,Bundesliga
Dortmund,Bochum,4,2,3.2,1.3,Bundesliga
Mainz 05,Heidenheim,0,2,0.6,1.2,Bundesliga
Freiburg,St. Pauli,0,3,1.2,1.1,Bundesliga
RB Leipzig,Augsburg,4,0,3.0,1.1,Bundesliga
Gladbach,Union Berlin,1,0,0.9,0.7,Bundesliga
Wolfsburg,Stuttgart,2,2,1.1,1.8,Bundesliga
Bayern Munich,Leverkusen,1,1,1.4,0.1,Bundesliga
Holstein Kiel,Eint Frankfurt,2,4,1.1,2.1,Bundesliga
Hoffenheim,Werder Bremen,3,4,1.2,2.9,Bundesliga
Augsburg,Gladbach,2,1,1.3,0.5,Bundesliga
Bochum,Wolfsburg,1,3,1.7,2.4,Bundesliga
Union Berlin,Dortmund,2,1,1.5,0.7,Bundesliga
Werder Bremen,Freiburg,0,1,1.0,1.0,Bundesliga
Leverkusen,Holstein Kiel,2,2,2.1,1.6,Bundesliga
St. Pauli,Mainz 05,0,3,1.0,1.1,Bundesliga
Heidenheim,RB Leipzig,0,1,1.0,1.4,Bundesliga
Eint Frankfurt,Bayern Munich,3,3,1.2,2.2,Bundesliga
Stuttgart,Hoffenheim,1,1,1.9,0.9,Bundesliga
Dortmund,St. Pauli,2,1,2.6,0.6,Bundesliga
Leverkusen,Eint Frankfurt,2,1,3.8,1.9,Bundesliga
Mainz 05,RB Leipzig,0,2,0.6,1.9,Bundesliga
Freiburg,Augsburg,3,1,0.8,0.6,Bundesliga
Hoffenheim,Bochum,3,1,2.5,2.7,Bundesliga
Gladbach,Heidenheim,3,2,3.6,2.0,Bundesliga
Bayern Munich,Stuttgart,4,0,3.2,0.5,Bundesliga
Holstein Kiel,Union Berlin,0,2,1.3,1.1,Bundesliga
Wolfsburg,Werder Bremen,2,4,1.8,2.0,Bundesliga
Mainz 05,Gladbach,1,1,1.7,0.7,Bundesliga
St. Pauli,Wolfsburg,0,0,0.8,1.1,Bundesliga
Stuttgart,Holstein Kiel,2,1,1.6,0.5,Bundesliga
Augsburg,Dortmund,2,1,0.6,1.0,Bundesliga
RB Leipzig,Freiburg,3,1,1.8,1.7,Bundesliga
Werder Bremen,Leverkusen,2,2,1.6,1.3,Bundesliga
Bochum,Bayern Munich,0,5,0.6,2.2,Bundesliga
Union Berlin,Eint Frankfurt,1,1,1.4,1.5,Bundesliga
Heidenheim,Hoffenheim,0,0,1.5,0.7,Bundesliga
Leverkusen,Stuttgart,0,0,2.2,0.3,Bundesliga
Wolfsburg,Augsburg,1,1,1.2,0.5,Bundesliga
Bayern Munich,Union Berlin,3,0,2.5,0.5,Bundesliga
Eint Frankfurt,Bochum,7,2,3.5,1.8,Bundesliga
Holstein Kiel,Heidenheim,1,0,1.1,1.2,Bundesliga
Hoffenheim,St. Pauli,0,2,0.7,0.9,Bundesliga
Dortmund,RB Leipzig,2,1,2.0,0.5,Bundesliga
Freiburg,Mainz 05,0,0,0.8,0.5,Bundesliga
Gladbach,Werder Bremen,4,1,2.5,1.4,Bundesliga
Union Berlin,Freiburg,0,0,0.7,1.7,Bundesliga
Bochum,Leverkusen,1,1,0.7,1.2,Bundesliga
Werder Bremen,Holstein Kiel,2,1,1.7,0.7,Bundesliga
Mainz 05,Dortmund,3,1,2.0,0.9,Bundesliga
St. Pauli,Bayern Munich,0,1,0.1,0.8,Bundesliga
RB Leipzig,Gladbach,0,0,1.0,0.9,Bundesliga
Augsburg,Hoffenheim,0,0,0.9,0.5,Bundesliga
Stuttgart,Eint Frankfurt,2,3,2.5,1.3,Bundesliga
Heidenheim,Wolfsburg,1,3,2.4,1.5,Bundesliga
Bayern Munich,Augsburg,3,0,3.7,0.1,Bundesliga
Wolfsburg,Union Berlin,1,0,0.6,0.5,Bundesliga
Leverkusen,Heidenheim,5,2,2.2,1.1,Bundesliga
Hoffenheim,RB Leipzig,4,3,2.0,1.6,Bundesliga
Stuttgart,Bochum,2,0,1.7,0.7,Bundesliga
Dortmund,Freiburg,4,0,1.3,0.8,Bundesliga
Eint Frankfurt,Werder Bremen,1,0,1.1,0.4,Bundesliga
Holstein Kiel,Mainz 05,0,3,0.4,2.2,Bundesliga
Gladbach,St. Pauli,2,0,2.3,1.1,Bundesliga
St. Pauli,Holstein Kiel,3,1,1.3,1.2,Bundesliga
RB Leipzig,Wolfsburg,1,5,1.0,2.2,Bundesliga
Freiburg,Gladbach,3,1,1.6,1.5,Bundesliga
Union Berlin,Leverkusen,1,2,0.7,0.9,Bundesliga
Werder Bremen,Stuttgart,2,2,1.6,1.8,Bundesliga
Augsburg,Bochum,1,0,1.9,0.3,Bundesliga
Dortmund,Bayern Munich,1,1,0.6,1.5,Bundesliga
Mainz 05,Hoffenheim,2,0,2.2,0.4,Bundesliga
Heidenheim,Eint Frankfurt,0,4,0.7,2.6,Bundesliga
Stuttgart,Union Berlin,3,2,2.1,1.4,Bundesliga
Bochum,Werder Bremen,0,1,1.2,0.8,Bundesliga
Holstein Kiel,RB Leipzig,0,2,1.2,1.6,Bundesliga
Leverkusen,St. Pauli,2,1,0.9,1.8,Bundesliga
Eint Frankfurt,Augsburg,2,2,1.7,0.6,Bundesliga
Bayern Munich,Heidenheim,4,2,2.4,1.3,Bundesliga
Gladbach,Dortmund,1,1,1.1,1.5,Bundesliga
Wolfsburg,Mainz 05,4,3,1.2,2.6,Bundesliga
Hoffenheim,Freiburg,1,1,1.4,1.0,Bundesliga
Freiburg,Wolfsburg,3,2,2.1,1.8,Bundesliga
Augsburg,Leverkusen,0,2,0.6,0.8,Bundesliga
Mainz 05,Bayern Munich,2,1,1.0,1.4,Bundesliga
Union Berlin,Bochum,0,2,2.5,1.0,Bundesliga
Gladbach,Holstein Kiel,4,1,2.4,0.6,Bundesliga
St. Pauli,Werder Bremen,0,2,0.6,1.0,Bundesliga
Heidenheim,Stuttgart,1,3,1.0,2.3,Bundesliga
Dortmund,Hoffenheim,1,1,0.5,1.0,Bundesliga
RB Leipzig,Eint Frankfurt,2,1,1.9,0.9,Bundesliga
Bayern Munich,RB Leipzig,5,1,3.3,0.4,Bundesliga
Werder Bremen,Union Berlin,4,1,2.3,1.3,Bundesliga
Eint Frankfurt,Mainz 05,1,3,2.4,0.6,Bundesliga
Stuttgart,St. Pauli,0,1,2.1,2.2,Bundesliga
Hoffenheim,Gladbach,1,2,3.5,0.7,Bundesliga
Holstein Kiel,Augsburg,5,1,1.7,1.5,Bundesliga
Leverkusen,Freiburg,5,1,2.8,0.7,Bundesliga
Bochum,Heidenheim,2,0,1.6,0.6,Bundesliga
Wolfsburg,Dortmund,1,3,1.5,2.7,Bundesliga
Dortmund,Leverkusen,2,3,1.3,1.6,Bundesliga
Mainz 05,Bochum,2,0,1.9,0.6,Bundesliga
St. Pauli,Eint Frankfurt,0,1,2.2,1.5,Bundesliga
Heidenheim,Union Berlin,2,0,1.4,1.1,Bundesliga
Freiburg,Holstein Kiel,3,2,0.7,1.8,Bundesliga
Hoffenheim,Wolfsburg,0,1,0.9,0.7,Bundesliga
Gladbach,Bayern Munich,0,1,0.4,4.3,Bundesliga
RB Leipzig,Werder Bremen,4,2,2.1,1.5,Bundesliga
Augsburg,Stuttgart,0,1,0.3,2.4,Bundesliga
Holstein Kiel,Dortmund,4,2,1.6,1.0,Bundesliga
Wolfsburg,Gladbach,5,1,3.9,1.1,Bundesliga
Leverkusen,Mainz 05,1,0,1.8,0.7,Bundesliga
Eint Frankfurt,Freiburg,4,1,2.4,0.5,Bundesliga
Bochum,St. Pauli,1,0,1.4,0.7,Bundesliga
Union Berlin,Augsburg,0,2,0.8,1.2,Bundesliga
Stuttgart,RB Leipzig,2,1,2.5,1.0,Bundesliga
Werder Bremen,Heidenheim,3,3,1.5,1.4,Bundesliga
Bayern Munich,Hoffenheim,5,0,3.4,0.2,Bundesliga
Eint Frankfurt,Dortmund,2,0,1.7,0.8,Bundesliga
Stuttgart,Freiburg,4,0,1.9,0.2,Bundesliga
Bochum,RB Leipzig,3,3,2.7,2.2,Bundesliga
Bayern Munich,Wolfsburg,3,2,3.0,0.5,Bundesliga
Holstein Kiel,Hoffenheim,1,3,1.0,0.8,Bundesliga
Heidenheim,St. Pauli,0,2,0.7,1.9,Bundesliga
Leverkusen,Gladbach,3,1,2.1,0.6,Bundesliga
Union Berlin,Mainz 05,2,1,2.1,1.7,Bundesliga
Werder Bremen,Augsburg,0,2,1.3,1.2,Bundesliga
Wolfsburg,Holstein Kiel,2,2,2.0,0.2,Bundesliga
Mainz 05,Stuttgart,2,0,1.9,1.1,Bundesliga
RB Leipzig,Leverkusen,2,2,0.7,2.4,Bundesliga
Freiburg,Bayern Munich,1,2,0.3,1.0,Bundesliga
Augsburg,Heidenheim,2,1,1.1,1.2,Bundesliga
Dortmund,Werder Bremen,2,2,1.0,1.3,Bundesliga
Gladbach,Bochum,3,0,2.3,0.5,Bundesliga
Hoffenheim,Eint Frankfurt,2,2,2.4,2.4,Bundesliga
St. Pauli,Union Berlin,3,0,1.2,1.1,Bundesliga
Werder Bremen,Mainz 05,1,0,2.5,1.2,Bundesliga
St. Pauli,Augsburg,1,1,0.8,0.3,Bundesliga
Bochum,Freiburg,0,1,1.0,1.7,Bundesliga
Heidenheim,Dortmund,1,2,0.6,2.2,Bundesliga
Stuttgart,Gladbach,1,2,1.2,2.1,Bundesliga
Bayern Munich,Holstein Kiel,4,3,3.4,1.8,Bundesliga
Union Berlin,RB Leipzig,0,0,1.3,0.3,Bundesliga
Eint Frankfurt,Wolfsburg,1,1,1.2,1.2,Bundesliga
Leverkusen,Hoffenheim,3,1,1.4,1.9,Bundesliga
Bayern Munich,Werder Bremen,3,0,4.1,0.1,Bundesliga
Wolfsburg,Leverkusen,0,0,0.7,1.4,Bundesliga
Hoffenheim,Union Berlin,0,4,1.1,2.8,Bundesliga
Dortmund,Stuttgart,1,2,1.4,0.3,Bundesliga
Freiburg,Heidenheim,1,0,1.0,0.5,Bundesliga
Mainz 05,Augsburg,0,0,1.3,0.3,Bundesliga
Gladbach,Eint Frankfurt,1,1,0.4,2.2,Bundesliga
Holstein Kiel,Bochum,2,2,1.9,2.3,Bundesliga
RB Leipzig,St. Pauli,2,0,1.5,0.6,Bundesliga
Augsburg,RB Leipzig,0,0,1.0,1.2,Bundesliga
Union Berlin,Gladbach,1,2,2.0,2.1,Bundesliga
Stuttgart,Wolfsburg,1,2,0.8,1.6,Bundesliga
Bochum,Dortmund,2,0,2.7,2.6,Bundesliga
St. Pauli,Freiburg,0,1,0.2,1.3,Bundesliga
Leverkusen,Bayern Munich,0,0,2.0,0.0,Bundesliga
Werder Bremen,Hoffenheim,1,3,1.1,1.4,Bundesliga
Eint Frankfurt,Holstein Kiel,3,1,2.5,1.4,Bundesliga
Heidenheim,Mainz 05,0,2,0.6,2.0,Bundesliga
Freiburg,Werder Bremen,5,0,1.8,1.2,Bundesliga
Holstein Kiel,Leverkusen,0,2,0.3,1.8,Bundesliga
Mainz 05,St. Pauli,2,0,1.2,0.8,Bundesliga
Gladbach,Augsburg,0,3,1.0,1.5,Bundesliga
Wolfsburg,Bochum,1,1,1.6,0.8,Bundesliga
Dortmund,Union Berlin,6,0,4.8,0.3,Bundesliga
RB Leipzig,Heidenheim,2,2,1.9,0.8,Bundesliga
Bayern Munich,Eint Frankfurt,4,0,3.8,0.5,Bundesliga
Hoffenheim,Stuttgart,1,1,1.0,2.1,Bundesliga
Stuttgart,Bayern Munich,1,3,0.9,2.2,Bundesliga
RB Leipzig,Mainz 05,1,2,1.4,1.5,Bundesliga
Heidenheim,Gladbach,0,3,1.6,1.8,Bundesliga
Werder Bremen,Wolfsburg,1,2,1.9,0.9,Bundesliga
St. Pauli,Dortmund,0,2,0.4,1.5,Bundesliga
Bochum,Hoffenheim,0,1,0.9,0.6,Bundesliga
Eint Frankfurt,Leverkusen,1,4,1.1,2.0,Bundesliga
Union Berlin,Holstein Kiel,0,1,1.2,1.0,Bundesliga
Augsburg,Freiburg,0,0,1.5,0.8,Bundesliga
Gladbach,Mainz 05,1,3,1.4,1.5,Bundesliga
Wolfsburg,St. Pauli,1,1,2.0,1.5,Bundesliga
Holstein Kiel,Stuttgart,2,2,1.4,0.8,Bundesliga
Dortmund,Augsburg,0,1,1.2,0.2,Bundesliga
Bayern Munich,Bochum,2,3,2.4,1.1,Bundesliga
Leverkusen,Werder Bremen,0,2,1.6,1.1,Bundesliga
Freiburg,RB Leipzig,0,0,0.5,1.5,Bundesliga
Eint Frankfurt,Union Berlin,1,2,1.8,0.9,Bundesliga
Hoffenheim,Heidenheim,1,1,1.3,1.2,Bundesliga
St. Pauli,Hoffenheim,1,0,2.0,0.2,Bundesliga
Augsburg,Wolfsburg,1,0,0.7,0.8,Bundesliga
Werder Bremen,Gladbach,2,4,2.5,2.4,Bundesliga
Union Berlin,Bayern Munich,1,1,0.7,1.6,Bundesliga
Mainz 05,Freiburg,2,2,1.3,3.1,Bundesliga
RB Leipzig,Dortmund,2,0,1.8,3.0,Bundesliga
Bochum,Eint Frankfurt,1,3,1.4,2.5,Bundesliga
Heidenheim,Holstein Kiel,3,1,1.5,1.5,Bundesliga
Stuttgart,Leverkusen,3,4,2.3,1.7,Bundesliga
Leverkusen,Bochum,3,1,2.0,0.5,Bundesliga
Bayern Munich,St. Pauli,3,2,3.5,1.0,Bundesliga
Holstein Kiel,Werder Bremen,0,3,0.5,1.8,Bundesliga
Hoffenheim,Augsburg,1,1,1.4,0.6,Bundesliga
Wolfsburg,Heidenheim,0,1,1.3,1.3,Bundesliga
Gladbach,RB Leipzig,1,0,1.8,1.3,Bundesliga
Eint Frankfurt,Stuttgart,1,0,3.7,1.2,Bundesliga
Freiburg,Union Berlin,1,2,1.4,1.0,Bundesliga
Dortmund,Mainz 05,3,1,2.8,0.8,Bundesliga
Le Havre,Paris S-G,1,4,0.2,2.9,Ligue 1
Brest,Marseille,1,5,1.3,2.4,Ligue 1
Reims,Lille,0,2,0.1,2.1,Ligue 1
Monaco,Saint-Étienne,1,0,2.0,0.4,Ligue 1
Auxerre,Nice,2,1,1.8,0.7,Ligue 1
Montpellier,Strasbourg,1,1,1.3,0.9,Ligue 1
Angers,Lens,0,1,0.4,1.2,Ligue 1
Toulouse,Nantes,0,0,1.7,0.5,Ligue 1
Rennes,Lyon,3,0,2.0,2.1,Ligue 1
Paris S-G,Montpellier,6,0,3.8,0.6,Ligue 1
Lyon,Monaco,0,2,0.0,2.2,Ligue 1
Lille,Angers,2,0,0.9,0.6,Ligue 1
Saint-Étienne,Le Havre,0,2,1.1,2.4,Ligue 1
Lens,Brest,2,0,2.9,0.9,Ligue 1
Strasbourg,Rennes,3,1,0.7,1.1,Ligue 1
Nice,Toulouse,1,1,1.3,1.0,Ligue 1
Nantes,Auxerre,2,0,1.4,1.1,Ligue 1
Marseille,Reims,2,2,3.0,0.9,Ligue 1
Lyon,Strasbourg,4,3,2.9,2.7,Ligue 1
Brest,Saint-Étienne,4,0,3.1,0.2,Ligue 1
Montpellier,Nantes,1,3,0.9,1.5,Ligue 1
Toulouse,Marseille,1,3,1.0,0.8,Ligue 1
Monaco,Lens,1,1,1.0,2.2,Ligue 1
Angers,Nice,1,4,1.4,2.2,Ligue 1
Reims,Rennes,2,1,1.4,0.8,Ligue 1
Le Havre,Auxerre,3,1,2.8,0.6,Ligue 1
Lille,Paris S-G,1,3,1.4,2.6,Ligue 1
Saint-Étienne,Lille,1,0,1.2,1.2,Ligue 1
Marseille,Nice,2,0,0.7,1.9,Ligue 1
Auxerre,Monaco,0,3,0.6,3.4,Ligue 1
Paris S-G,Brest,3,1,2.8,1.0,Ligue 1
Rennes,Montpellier,3,0,1.3,0.3,Ligue 1
Strasbourg,Angers,1,1,2.3,0.9,Ligue 1
Toulouse,Le Havre,2,0,1.3,0.2,Ligue 1
Nantes,Reims,1,2,1.5,0.5,Ligue 1
Lens,Lyon,0,0,1.0,0.6,Ligue 1
Nice,Saint-Étienne,8,0,4.7,0.3,Ligue 1
Lille,Strasbourg,3,3,2.6,3.2,Ligue 1
Rennes,Lens,1,1,1.4,0.6,Ligue 1
Reims,Paris S-G,1,1,0.3,1.6,Ligue 1
Monaco,Le Havre,3,1,1.9,0.6,Ligue 1
Angers,Nantes,1,1,0.9,0.6,Ligue 1
Brest,Toulouse,2,0,0.5,2.7,Ligue 1
Montpellier,Auxerre,3,2,2.0,1.2,Ligue 1
Lyon,Marseille,2,3,3.0,0.8,Ligue 1
Auxerre,Brest,3,0,2.5,0.8,Ligue 1
Paris S-G,Rennes,3,1,3.0,1.4,Ligue 1
Lens,Nice,0,0,1.9,1.1,Ligue 1
Le Havre,Lille,0,3,0.4,3.1,Ligue 1
Monaco,Montpellier,2,1,3.2,0.9,Ligue 1
Toulouse,Lyon,1,2,0.9,0.4,Ligue 1
Angers,Reims,1,3,1.1,2.9,Ligue 1
Nantes,Saint-Étienne,2,2,1.8,1.0,Ligue 1
Strasbourg,Marseille,1,0,1.3,0.5,Ligue 1
Marseille,Angers,1,1,0.9,0.8,Ligue 1
Saint-Étienne,Auxerre,3,1,2.7,0.8,Ligue 1
Lille,Toulouse,2,1,1.6,1.1,Ligue 1
Rennes,Monaco,1,2,0.7,0.6,Ligue 1
Lyon,Nantes,2,0,3.2,0.9,Ligue 1
Brest,Le Havre,2,0,0.7,1.0,Ligue 1
Reims,Montpellier,4,2,3.0,0.5,Ligue 1
Strasbourg,Lens,2,2,1.2,1.0,Ligue 1
Nice,Paris S-G,1,1,0.5,1.3,Ligue 1
Monaco,Lille,0,0,1.2,0.2,Ligue 1
Brest,Rennes,1,1,1.5,1.2,Ligue 1
Saint-Étienne,Lens,0,2,0.8,1.2,Ligue 1
Paris S-G,Strasbourg,4,2,3.5,1.9,Ligue 1
Le Havre,Lyon,0,4,0.4,2.7,Ligue 1
Auxerre,Reims,2,1,2.8,1.1,Ligue 1
Nantes,Nice,1,1,0.5,0.8,Ligue 1
Toulouse,Angers,1,1,2.0,1.4,Ligue 1
Montpellier,Marseille,0,5,1.3,3.2,Ligue 1
Rennes,Le Havre,1,0,1.5,0.4,Ligue 1
Angers,Saint-Étienne,4,2,2.9,1.5,Ligue 1
Reims,Brest,1,2,0.7,1.5,Ligue 1
Lens,Lille,0,2,1.0,1.8,Ligue 1
Lyon,Auxerre,2,2,2.0,1.5,Ligue 1
Nice,Monaco,2,1,1.6,0.5,Ligue 1
Strasbourg,Nantes,3,1,1.7,0.7,Ligue 1
Montpellier,Toulouse,0,3,0.2,1.9,Ligue 1
Marseille,Paris S-G,0,3,0.2,3.1,Ligue 1
Monaco,Angers,0,1,1.4,0.5,Ligue 1
Lille,Lyon,1,1,1.7,1.2,Ligue 1
Paris S-G,Lens,1,0,2.9,0.7,Ligue 1
Brest,Nice,0,1,1.0,1.4,Ligue 1
Saint-Étienne,Strasbourg,2,0,2.8,0.5,Ligue 1
Toulouse,Reims,1,0,0.9,1.1,Ligue 1
Le Havre,Montpellier,1,0,2.2,1.0,Ligue 1
Auxerre,Rennes,4,0,2.8,0.9,Ligue 1
Nantes,Marseille,1,2,1.4,1.2,Ligue 1
Marseille,Auxerre,1,3,2.5,1.9,Ligue 1
Strasbourg,Monaco,1,3,0.6,3.8,Ligue 1
Lens,Nantes,3,2,2.9,1.4,Ligue 1
Angers,Paris S-G,2,4,1.1,3.4,Ligue 1
Nice,Lille,2,2,2.1,1.7,Ligue 1
Montpellier,Brest,3,1,2.5,0.9,Ligue 1
Rennes,Toulouse,0,2,0.6,1.4,Ligue 1
Le Havre,Reims,0,3,1.4,2.6,Ligue 1
Lyon,Saint-Étienne,1,0,1.1,0.6,Ligue 1
Monaco,Brest,3,2,2.6,1.0,Ligue 1
Paris S-G,Toulouse,3,0,1.1,1.4,Ligue 1
Lens,Marseille,1,3,2.5,1.2,Ligue 1
Saint-Étienne,Montpellier,1,0,1.5,0.9,Ligue 1
Reims,Lyon,1,1,1.0,1.7,Ligue 1
Lille,Rennes,1,0,0.4,0.2,Ligue 1
Nantes,Le Havre,0,2,0.9,0.9,Ligue 1
Auxerre,Angers,1,0,0.6,0.9,Ligue 1
Nice,Strasbourg,2,1,2.1,0.4,Ligue 1
Reims,Lens,0,2,0.8,1.8,Ligue 1
Rennes,Saint-Étienne,5,0,3.2,0.1,Ligue 1
Brest,Strasbourg,3,1,2.5,1.0,Ligue 1
Paris S-G,Nantes,1,1,2.6,0.8,Ligue 1
Montpellier,Lille,2,2,1.4,2.2,Ligue 1
Toulouse,Auxerre,2,0,2.3,0.2,Ligue 1
Lyon,Nice,4,1,2.7,2.1,Ligue 1
Le Havre,Angers,0,1,0.3,2.1,Ligue 1
Marseille,Monaco,2,1,1.9,1.0,Ligue 1
Lille,Brest,3,1,2.5,0.7,Ligue 1
Auxerre,Paris S-G,0,0,0.3,2.5,Ligue 1
Monaco,Toulouse,2,0,3.2,0.5,Ligue 1
Nice,Le Havre,2,1,2.0,1.1,Ligue 1
Angers,Lyon,0,3,0.6,2.0,Ligue 1
Lens,Montpellier,2,0,1.3,1.0,Ligue 1
Strasbourg,Reims,0,0,0.8,1.1,Ligue 1
Nantes,Rennes,1,0,1.2,0.4,Ligue 1
Saint-Étienne,Marseille,0,2,0.1,2.5,Ligue 1
Toulouse,Saint-Étienne,2,1,1.4,0.5,Ligue 1
Marseille,Lille,1,1,1.2,1.4,Ligue 1
Auxerre,Lens,2,2,0.6,1.6,Ligue 1
Reims,Monaco,0,0,1.5,1.3,Ligue 1
Montpellier,Nice,2,2,2.0,1.4,Ligue 1
Le Havre,Strasbourg,0,3,0.9,0.9,Ligue 1
Brest,Nantes,4,1,2.0,1.1,Ligue 1
Rennes,Angers,2,0,0.6,0.4,Ligue 1
Paris S-G,Lyon,3,1,2.9,1.5,Ligue 1
Monaco,Paris S-G,2,4,2.4,1.8,Ligue 1
Nice,Rennes,3,2,1.5,1.7,Ligue 1
Saint-Étienne,Reims,3,1,2.2,1.1,Ligue 1
Lille,Nantes,1,1,1.2,1.3,Ligue 1
Lyon,Montpellier,1,0,1.4,1.2,Ligue 1
Lens,Toulouse,0,1,1.4,2.0,Ligue 1
Strasbourg,Auxerre,3,1,2.9,1.4,Ligue 1
Angers,Brest,2,0,1.8,1.0,Ligue 1
Marseille,Le Havre,5,1,3.2,0.4,Ligue 1
Nantes,Monaco,2,2,0.8,3.4,Ligue 1
Auxerre,Lille,0,0,0.8,1.5,Ligue 1
Brest,Lyon,2,1,1.1,1.4,Ligue 1
Reims,Nice,2,4,0.8,2.5,Ligue 1
Rennes,Marseille,1,2,1.2,1.7,Ligue 1
Le Havre,Lens,1,2,1.5,2.7,Ligue 1
Montpellier,Angers,1,3,1.2,3.8,Ligue 1
Toulouse,Strasbourg,1,2,1.2,2.3,Ligue 1
Paris S-G,Saint-Étienne,2,1,4.1,0.4,Ligue 1
Montpellier,Monaco,2,1,2.4,1.8,Ligue 1
Lille,Nice,2,1,1.1,2.8,Ligue 1
Lens,Paris S-G,1,2,0.7,1.2,Ligue 1
Rennes,Brest,1,2,1.5,1.0,Ligue 1
Lyon,Toulouse,0,0,0.7,1.1,Ligue 1
Saint-Étienne,Nantes,1,1,0.8,1.3,Ligue 1
Angers,Auxerre,2,0,0.9,0.7,Ligue 1
Reims,Le Havre,1,1,0.8,0.8,Ligue 1
Marseille,Strasbourg,1,1,2.8,0.9,Ligue 1
Auxerre,Saint-Étienne,1,1,0.8,1.2,Ligue 1
Monaco,Rennes,3,2,3.5,1.8,Ligue 1
Strasbourg,Lille,2,1,1.1,1.8,Ligue 1
Paris S-G,Reims,1,1,1.2,0.9,Ligue 1
Le Havre,Brest,0,1,1.0,2.0,Ligue 1
Lens,Angers,1,0,1.9,0.2,Ligue 1
Toulouse,Montpellier,1,2,1.0,0.5,Ligue 1
Nantes,Lyon,1,1,1.2,1.1,Ligue 1
Nice,Marseille,2,0,1.2,0.8,Ligue 1
Montpellier,Lens,0,2,0.8,2.0,Ligue 1
Brest,Paris S-G,2,5,0.9,3.6,Ligue 1
Monaco,Auxerre,4,2,2.6,1.2,Ligue 1
Lille,Saint-Étienne,4,1,3.4,2.0,Ligue 1
Toulouse,Nice,1,1,1.4,1.7,Ligue 1
Reims,Nantes,1,2,1.0,2.0,Ligue 1
Rennes,Strasbourg,1,0,0.9,1.2,Ligue 1
Angers,Le Havre,1,1,1.3,2.2,Ligue 1
Marseille,Lyon,3,2,3.2,1.7,Ligue 1
Nantes,Brest,0,2,1.1,2.5,Ligue 1
Paris S-G,Monaco,4,1,3.1,0.9,Ligue 1
Nice,Lens,2,0,2.2,1.2,Ligue 1
Lille,Le Havre,1,2,1.6,1.8,Ligue 1
Saint-Étienne,Rennes,0,2,0.5,3.6,Ligue 1
Lyon,Reims,4,0,3.3,0.4,Ligue 1
Auxerre,Toulouse,2,2,0.9,0.9,Ligue 1
Strasbourg,Montpellier,2,0,2.7,1.8,Ligue 1
Angers,Marseille,0,2,0.5,2.4,Ligue 1
Brest,Auxerre,2,2,2.2,1.2,Ligue 1
Marseille,Saint-Étienne,5,1,6.1,1.0,Ligue 1
Monaco,Nantes,7,1,4.4,1.4,Ligue 1
Toulouse,Paris S-G,0,1,0.9,2.4,Ligue 1
Montpellier,Lyon,1,4,1.4,1.0,Ligue 1
Reims,Angers,0,1,1.7,1.5,Ligue 1
Lens,Strasbourg,0,2,0.4,2.4,Ligue 1
Le Havre,Nice,1,3,0.7,1.4,Ligue 1
Rennes,Lille,0,2,0.4,3.0,Ligue 1
Rennes,Reims,1,0,2.3,0.1,Ligue 1
Lille,Monaco,2,1,1.1,2.3,Ligue 1
Saint-Étienne,Angers,3,3,1.5,2.9,Ligue 1
Auxerre,Marseille,3,0,2.0,0.7,Ligue 1
Nantes,Lens,3,1,3.9,1.6,Ligue 1
Strasbourg,Brest,0,0,0.6,0.6,Ligue 1
Nice,Montpellier,2,0,1.8,0.6,Ligue 1
Le Havre,Toulouse,1,4,0.8,2.4,Ligue 1
Lyon,Paris S-G,2,3,1.8,2.3,Ligue 1
Monaco,Reims,3,0,3.8,0.6,Ligue 1
Saint-Étienne,Nice,1,3,0.9,1.8,Ligue 1
Lens,Le Havre,3,4,1.9,1.5,Ligue 1
Paris S-G,Lille,4,1,3.4,1.1,Ligue 1
Lyon,Brest,2,1,1.3,2.0,Ligue 1
Auxerre,Strasbourg,0,1,2.2,1.4,Ligue 1
Montpellier,Rennes,0,4,1.6,2.4,Ligue 1
Angers,Toulouse,0,4,0.4,3.5,Ligue 1
Marseille,Nantes,2,0,2.1,0.8,Ligue 1
Toulouse,Monaco,1,1,0.6,2.4,Ligue 1
Rennes,Paris S-G,1,4,1.6,3.8,Ligue 1
Lille,Montpellier,1,0,1.5,0.3,Ligue 1
Marseille,Lens,0,1,1.0,0.9,Ligue 1
Brest,Angers,2,0,3.5,0.4,Ligue 1
Nantes,Strasbourg,0,1,0.8,1.0,Ligue 1
Reims,Auxerre,0,2,1.4,2.1,Ligue 1
Le Havre,Saint-Étienne,1,1,2.0,1.5,Ligue 1
Nice,Lyon,0,2,1.4,1.1,Ligue 1
Nice,Auxerre,1,1,2.0,0.7,Ligue 1
Nantes,Lille,1,0,1.2,1.6,Ligue 1
Angers,Monaco,0,2,0.5,2.0,Ligue 1
Lens,Rennes,1,0,0.7,0.6,Ligue 1
Lyon,Le Havre,4,2,3.9,1.7,Ligue 1
Montpellier,Saint-Étienne,0,2,,,Ligue 1
Brest,Reims,0,0,0.3,1.3,Ligue 1
Strasbourg,Toulouse,2,1,1.7,1.7,Ligue 1
Paris S-G,Marseille,3,1,2.6,1.2,Ligue 1
Strasbourg,Lyon,4,2,1.1,2.0,Ligue 1
Reims,Marseille,3,1,1.0,1.1,Ligue 1
Saint-Étienne,Paris S-G,1,6,1.1,3.3,Ligue 1
Monaco,Nice,2,1,2.4,0.5,Ligue 1
Toulouse,Brest,2,4,2.0,1.3,Ligue 1
Angers,Rennes,0,3,1.0,1.5,Ligue 1
Le Havre,Nantes,3,2,4.0,0.8,Ligue 1
Auxerre,Montpellier,1,0,2.1,0.5,Ligue 1
Lille,Lens,1,0,1.9,0.4,Ligue 1
Genoa,Inter,2,2,2.1,1.9,Serie A
Parma,Fiorentina,1,1,1.7,0.7,Serie A
Empoli,Monza,0,0,0.5,0.3,Serie A
Milan,Torino,2,2,2.1,1.0,Serie A
Bologna,Udinese,1,1,3.2,0.9,Serie A
Hellas Verona,Napoli,3,0,1.7,1.0,Serie A
Cagliari,Roma,0,0,1.0,0.9,Serie A
Lazio,Venezia,3,1,2.4,0.6,Serie A
Lecce,Atalanta,0,4,1.5,1.7,Serie A
Juventus,Como,3,0,1.2,0.2,Serie A
Udinese,Lazio,2,1,0.8,1.3,Serie A
Parma,Milan,2,1,1.7,1.9,Serie A
Monza,Genoa,0,1,0.4,0.7,Serie A
Inter,Lecce,2,0,2.4,0.3,Serie A
Torino,Atalanta,2,1,2.4,3.0,Serie A
Fiorentina,Venezia,0,0,0.9,0.6,Serie A
Napoli,Bologna,3,0,2.5,0.6,Serie A
Roma,Empoli,1,2,2.1,2.7,Serie A
Cagliari,Como,1,1,0.8,1.5,Serie A
Hellas Verona,Juventus,0,3,0.5,1.2,Serie A
Venezia,Torino,0,1,0.8,1.0,Serie A
Inter,Atalanta,4,0,1.3,1.4,Serie A
Lecce,Cagliari,1,0,1.7,1.8,Serie A
Bologna,Empoli,1,1,1.3,1.0,Serie A
Lazio,Milan,2,2,2.1,1.3,Serie A
Napoli,Parma,2,1,2.2,1.7,Serie A
Genoa,Hellas Verona,0,2,1.5,1.5,Serie A
Fiorentina,Monza,2,2,2.0,0.3,Serie A
Udinese,Como,1,0,1.0,1.6,Serie A
Juventus,Roma,0,0,0.5,0.3,Serie A
Como,Bologna,2,2,1.2,1.2,Serie A
Empoli,Juventus,0,0,0.5,0.9,Serie A
Milan,Venezia,4,0,2.2,0.3,Serie A
Genoa,Roma,1,1,1.2,2.2,Serie A
Atalanta,Fiorentina,3,2,1.7,1.7,Serie A
Torino,Lecce,0,0,0.4,1.6,Serie A
Cagliari,Napoli,0,4,1.0,1.9,Serie A
Monza,Inter,1,1,0.2,1.7,Serie A
Parma,Udinese,2,3,0.8,2.5,Serie A
Lazio,Hellas Verona,2,1,1.2,0.8,Serie A
Cagliari,Empoli,0,2,2.2,0.8,Serie A
Hellas Verona,Torino,2,3,0.5,2.2,Serie A
Venezia,Genoa,2,0,1.7,0.5,Serie A
Juventus,Napoli,0,0,0.3,0.3,Serie A
Lecce,Parma,2,2,1.5,2.0,Serie A
Fiorentina,Lazio,2,1,2.7,1.0,Serie A
Monza,Bologna,1,2,0.6,0.8,Serie A
Roma,Udinese,3,0,1.9,0.7,Serie A
Inter,Milan,1,2,0.7,1.7,Serie A
Atalanta,Como,2,3,1.6,1.1,Serie A
Milan,Lecce,3,0,1.6,0.5,Serie A
Udinese,Inter,2,3,0.8,2.2,Serie A
Genoa,Juventus,0,3,0.4,2.6,Serie A
Bologna,Atalanta,1,1,0.1,2.0,Serie A
Torino,Lazio,2,3,0.7,2.0,Serie A
Como,Hellas Verona,3,2,2.2,1.1,Serie A
Roma,Venezia,2,1,1.7,1.7,Serie A
Empoli,Fiorentina,0,0,0.4,0.7,Serie A
Napoli,Monza,2,0,1.1,0.3,Serie A
Parma,Cagliari,2,3,2.4,2.4,Serie A
Napoli,Como,3,1,1.9,0.4,Serie A
Hellas Verona,Venezia,2,1,2.3,0.9,Serie A
Udinese,Lecce,1,0,0.9,0.5,Serie A
Atalanta,Genoa,5,1,3.6,0.7,Serie A
Inter,Torino,3,2,2.4,1.6,Serie A
Juventus,Cagliari,1,1,2.4,1.1,Serie A
Lazio,Empoli,2,1,2.1,0.5,Serie A
Bologna,Parma,0,0,0.8,0.8,Serie A
Monza,Roma,1,1,1.1,1.1,Serie A
Fiorentina,Milan,2,1,1.5,2.6,Serie A
Genoa,Bologna,2,2,0.4,0.7,Serie A
Como,Parma,1,1,1.3,0.5,Serie A
Milan,Udinese,1,0,1.2,0.4,Serie A
Juventus,Lazio,1,0,1.3,0.1,Serie A
Empoli,Napoli,0,1,0.7,1.3,Serie A
Venezia,Atalanta,0,2,0.8,1.4,Serie A
Lecce,Fiorentina,0,6,0.2,2.2,Serie A
Cagliari,Torino,3,2,1.6,1.4,Serie A
Roma,Inter,0,1,1.0,1.0,Serie A
Hellas Verona,Monza,0,3,0.9,1.4,Serie A
Udinese,Cagliari,2,0,1.0,0.4,Serie A
Torino,Como,1,0,1.3,1.4,Serie A
Napoli,Lecce,1,0,2.7,0.7,Serie A
Atalanta,Hellas Verona,6,1,2.4,0.2,Serie A
Parma,Empoli,1,1,1.7,0.2,Serie A
Lazio,Genoa,3,0,2.1,0.3,Serie A
Monza,Venezia,2,2,1.1,0.4,Serie A
Inter,Juventus,4,4,3.0,2.1,Serie A
Fiorentina,Roma,5,1,3.7,0.8,Serie A
Lecce,Hellas Verona,1,0,1.7,0.3,Serie A
Cagliari,Bologna,0,2,0.8,0.9,Serie A
Milan,Napoli,0,2,0.7,1.1,Serie A
Venezia,Udinese,3,2,2.3,0.9,Serie A
Empoli,Inter,0,3,0.3,1.1,Serie A
Atalanta,Monza,2,0,1.2,0.1,Serie A
Juventus,Parma,2,2,2.4,1.2,Serie A
Genoa,Fiorentina,0,1,0.9,0.5,Serie A
Roma,Torino,1,0,0.6,0.2,Serie A
Como,Lazio,1,5,1.1,2.9,Serie A
Bologna,Lecce,1,0,1.4,0.7,Serie A
Udinese,Juventus,0,2,0.6,1.3,Serie A
Monza,Milan,0,1,1.2,2.5,Serie A
Napoli,Atalanta,0,3,0.8,1.2,Serie A
Torino,Fiorentina,0,1,0.6,0.6,Serie A
Hellas Verona,Roma,3,2,1.1,1.7,Serie A
Inter,Venezia,1,0,2.4,1.0,Serie A
Empoli,Como,1,0,0.6,0.4,Serie A
Parma,Genoa,0,1,1.1,1.4,Serie A
Lazio,Cagliari,2,1,2.9,0.3,Serie A
Genoa,Como,1,1,0.9,1.4,Serie A
Lecce,Empoli,1,1,1.6,0.6,Serie A
Venezia,Parma,1,2,0.8,1.0,Serie A
Cagliari,Milan,3,3,1.7,3.3,Serie A
Juventus,Torino,2,0,1.7,0.4,Serie A
Atalanta,Udinese,2,1,0.9,0.8,Serie A
Fiorentina,Hellas Verona,3,1,1.9,0.4,Serie A
Roma,Bologna,2,3,1.3,1.7,Serie A
Monza,Lazio,0,1,1.0,1.6,Serie A
Inter,Napoli,1,1,1.5,0.7,Serie A
Hellas Verona,Inter,0,5,0.5,3.2,Serie A
Milan,Juventus,0,0,0.3,0.4,Serie A
Parma,Atalanta,1,3,0.7,2.7,Serie A
Genoa,Cagliari,2,2,1.7,3.0,Serie A
Como,Fiorentina,0,2,1.1,0.8,Serie A
Torino,Monza,1,1,1.0,0.9,Serie A
Napoli,Roma,1,0,1.4,0.6,Serie A
Lazio,Bologna,3,0,2.0,0.1,Serie A
Empoli,Udinese,1,1,0.1,0.8,Serie A
Venezia,Lecce,0,1,2.5,0.7,Serie A
Cagliari,Hellas Verona,1,0,1.8,0.7,Serie A
Como,Monza,1,1,1.3,1.3,Serie A
Milan,Empoli,3,0,2.3,0.5,Serie A
Bologna,Venezia,3,0,3.2,0.4,Serie A
Udinese,Genoa,0,2,0.2,1.6,Serie A
Torino,Napoli,0,1,0.3,1.4,Serie A
Parma,Lazio,3,1,1.5,2.5,Serie A
Lecce,Juventus,1,1,1.5,1.3,Serie A
Roma,Atalanta,0,2,0.4,1.3,Serie A
Inter,Parma,3,1,1.8,0.4,Serie A
Atalanta,Milan,2,1,2.1,0.7,Serie A
Genoa,Torino,0,0,0.5,0.6,Serie A
Juventus,Bologna,2,2,1.0,0.9,Serie A
Roma,Lecce,4,1,1.8,0.9,Serie A
Fiorentina,Cagliari,1,0,0.3,0.8,Serie A
Hellas Verona,Empoli,1,4,0.9,1.3,Serie A
Venezia,Como,2,2,0.3,1.0,Serie A
Napoli,Lazio,0,1,0.5,0.3,Serie A
Monza,Udinese,1,2,1.3,1.2,Serie A
Empoli,Torino,0,1,0.6,1.0,Serie A
Cagliari,Atalanta,0,1,1.4,1.5,Serie A
Udinese,Napoli,1,3,1.4,2.2,Serie A
Juventus,Venezia,2,2,2.1,0.4,Serie A
Lecce,Monza,2,1,1.5,0.6,Serie A
Parma,Hellas Verona,2,3,1.9,2.6,Serie A
Bologna,Fiorentina,1,0,1.2,1.0,Serie A
Como,Roma,2,0,1.2,0.3,Serie A
Milan,Genoa,0,0,1.1,0.3,Serie A
Lazio,Inter,0,6,0.4,2.0,Serie A
Hellas Verona,Milan,0,1,0.7,0.8,Serie A
Torino,Bologna,0,2,0.3,1.7,Serie A
Genoa,Napoli,1,2,1.0,1.2,Serie A
Lecce,Lazio,1,2,0.7,1.6,Serie A
Roma,Parma,5,0,5.4,0.4,Serie A
Venezia,Cagliari,2,1,1.5,2.1,Serie A
Atalanta,Empoli,3,2,1.3,1.3,Serie A
Monza,Juventus,1,2,1.3,1.8,Serie A
Fiorentina,Udinese,1,2,2.1,0.9,Serie A
Inter,Como,2,0,1.6,0.3,Serie A
Empoli,Genoa,1,2,1.3,1.8,Serie A
Parma,Monza,2,1,1.4,2.2,Serie A
Cagliari,Inter,0,3,0.3,3.2,Serie A
Lazio,Atalanta,1,1,0.6,2.7,Serie A
Udinese,Torino,2,2,0.7,0.6,Serie A
Napoli,Venezia,1,0,1.9,0.2,Serie A
Juventus,Fiorentina,2,2,1.5,1.0,Serie A
Milan,Roma,1,1,1.9,1.3,Serie A
Como,Lecce,2,0,2.0,0.4,Serie A
Bologna,Hellas Verona,2,3,2.2,0.8,Serie A
Venezia,Empoli,1,1,0.8,1.8,Serie A
Fiorentina,Napoli,0,3,1.0,1.6,Serie A
Hellas Verona,Udinese,0,0,1.0,0.8,Serie A
Monza,Cagliari,1,2,1.4,0.8,Serie A
Lecce,Genoa,0,0,0.6,1.1,Serie A
Torino,Parma,0,0,1.1,0.4,Serie A
Roma,Lazio,2,0,1.1,0.9,Serie A
Lazio,Como,1,1,0.5,2.0,Serie A
Empoli,Lecce,1,3,1.4,1.5,Serie A
Udinese,Atalanta,0,0,1.5,0.2,Serie A
Torino,Juventus,1,1,0.6,0.9,Serie A
Milan,Cagliari,1,1,2.7,0.4,Serie A
Genoa,Parma,1,0,1.2,0.4,Serie A
Venezia,Inter,0,1,0.4,1.9,Serie A
Bologna,Roma,2,2,2.0,1.4,Serie A
Napoli,Hellas Verona,2,0,1.1,0.3,Serie A
Monza,Fiorentina,2,1,0.7,1.4,Serie A
Como,Milan,1,2,1.4,1.3,Serie A
Atalanta,Juventus,1,1,1.4,1.5,Serie A
Inter,Bologna,2,2,1.7,0.6,Serie A
Roma,Genoa,3,1,1.6,0.5,Serie A
Bologna,Monza,3,1,1.8,0.5,Serie A
Juventus,Milan,2,0,1.1,0.9,Serie A
Atalanta,Napoli,2,3,0.7,0.8,Serie A
Fiorentina,Torino,1,1,1.5,0.4,Serie A
Parma,Venezia,1,1,1.6,1.1,Serie A
Cagliari,Lecce,4,1,2.6,0.4,Serie A
Hellas Verona,Lazio,0,3,1.3,1.5,Serie A
Inter,Empoli,3,1,2.1,0.4,Serie A
Como,Udinese,4,1,1.4,0.6,Serie A
Torino,Cagliari,2,0,1.5,0.3,Serie A
Como,Atalanta,1,2,0.8,1.0,Serie A
Napoli,Juventus,2,1,2.3,0.8,Serie A
Empoli,Bologna,1,1,0.6,0.7,Serie A
Milan,Parma,3,2,2.2,1.6,Serie A
Udinese,Roma,1,2,0.8,2.7,Serie A
Lecce,Inter,0,4,0.9,2.1,Serie A
Lazio,Fiorentina,1,2,1.4,0.7,Serie A
Venezia,Hellas Verona,1,1,0.6,1.6,Serie A
Genoa,Monza,2,0,2.6,0.4,Serie A
Parma,Lecce,1,3,1.9,0.7,Serie A
Monza,Hellas Verona,0,1,0.4,0.9,Serie A
Udinese,Venezia,3,2,0.6,1.2,Serie A
Atalanta,Torino,1,1,2.9,0.6,Serie A
Bologna,Como,2,0,1.5,0.5,Serie A
Juventus,Empoli,4,1,1.8,0.8,Serie A
Fiorentina,Genoa,2,1,0.7,1.6,Serie A
Milan,Inter,1,1,0.6,1.3,Serie A
Roma,Napoli,1,1,0.5,0.4,Serie A
Cagliari,Lazio,1,2,1.6,1.5,Serie A
Fiorentina,Inter,3,0,1.0,0.4,Serie A
Como,Juventus,1,2,0.9,1.1,Serie A
Hellas Verona,Atalanta,0,5,1.6,2.2,Serie A
Empoli,Milan,0,2,0.7,1.3,Serie A
Torino,Genoa,1,1,0.7,0.3,Serie A
Venezia,Roma,0,1,0.7,1.6,Serie A
Cagliari,Parma,2,1,1.2,0.8,Serie A
Lazio,Monza,5,1,3.2,0.9,Serie A
Lecce,Bologna,0,0,0.4,0.8,Serie A
Napoli,Udinese,1,1,1.1,0.8,Serie A
Inter,Fiorentina,2,1,2.2,0.9,Serie A
Bologna,Torino,3,2,2.3,1.0,Serie A
Atalanta,Cagliari,0,0,0.4,0.2,Serie A
Lazio,Napoli,2,2,0.7,0.3,Serie A
Milan,Hellas Verona,1,0,2.1,0.4,Serie A
Fiorentina,Como,0,2,0.3,0.8,Serie A
Monza,Lecce,0,0,0.2,0.9,Serie A
Udinese,Empoli,3,0,2.3,2.1,Serie A
Parma,Roma,0,1,0.2,1.1,Serie A
Juventus,Inter,1,0,1.3,1.8,Serie A
Genoa,Venezia,2,0,1.5,0.5,Serie A
Lecce,Udinese,0,1,0.4,1.6,Serie A
Venezia,Lazio,0,0,0.8,1.1,Serie A
Parma,Bologna,2,0,1.1,0.7,Serie A
Torino,Milan,2,1,0.3,2.4,Serie A
Inter,Genoa,1,0,1.5,1.3,Serie A
Como,Napoli,2,1,0.7,1.2,Serie A
Hellas Verona,Fiorentina,1,0,1.2,1.4,Serie A
Empoli,Atalanta,0,5,0.9,2.1,Serie A
Cagliari,Juventus,0,1,0.3,2.1,Serie A
Roma,Monza,4,0,1.5,0.3,Serie A
Bologna,Milan,2,1,2.0,0.8,Serie A
Fiorentina,Lecce,1,0,1.6,0.9,Serie A
Atalanta,Venezia,0,0,1.9,0.8,Serie A
Napoli,Inter,1,1,1.8,0.3,Serie A
Udinese,Parma,1,0,2.3,0.8,Serie A
Monza,Torino,0,2,1.0,1.2,Serie A
Genoa,Empoli,1,1,0.3,0.9,Serie A
Bologna,Cagliari,2,1,2.1,0.5,Serie A
Roma,Como,2,1,1.6,1.2,Serie A
Milan,Lazio,1,2,1.4,3.0,Serie A
Juventus,Hellas Verona,2,0,2.0,0.2,Serie A
Cagliari,Genoa,1,1,0.7,0.9,Serie A
Parma,Torino,2,2,1.6,0.7,Serie A
Como,Venezia,1,1,1.3,1.3,Serie A
Lecce,Milan,2,3,1.0,3.5,Serie A
Inter,Monza,3,2,2.6,0.6,Serie A
Hellas Verona,Bologna,1,2,1.2,1.3,Serie A
Napoli,Fiorentina,2,1,2.8,0.7,Serie A
Empoli,Roma,0,1,0.1,2.0,Serie A
Juventus,Atalanta,0,4,0.9,3.2,Serie A
Lazio,Udinese,1,1,1.2,1.2,Serie A
Genoa,Lecce,2,1,1.0,1.2,Serie A
Udinese,Hellas Verona,0,1,0.5,0.4,Serie A
Monza,Parma,1,1,0.7,0.7,Serie A
Milan,Como,2,1,1.3,1.0,Serie A
Torino,Empoli,1,0,0.6,0.9,Serie A
Venezia,Napoli,0,0,0.7,1.7,Serie A
Bologna,Lazio,5,0,2.2,0.5,Serie A
Roma,Cagliari,1,0,1.3,0.8,Serie A
Fiorentina,Juventus,3,0,0.4,0.8,Serie A
Atalanta,Inter,0,2,0.6,2.2,Serie A
Como,Empoli,1,1,1.9,2.0,Serie A
Venezia,Bologna,0,1,0.8,1.0,Serie A
Juventus,Genoa,1,0,0.9,0.4,Serie A
Lecce,Roma,0,1,0.7,2.4,Serie A
Cagliari,Monza,3,0,1.7,0.4,Serie A
Fiorentina,Atalanta,1,0,1.6,1.1,Serie A
Inter,Udinese,2,1,1.7,0.7,Serie A
Napoli,Milan,2,1,1.0,2.6,Serie A
Hellas Verona,Parma,0,0,0.4,0.5,Serie A
Lazio,Torino,1,1,1.1,0.4,Serie A
Brescia,Palermo,1,0,1.4,0.5,Serie B
Pisa,Spezia,2,2,2.2,1.0,Serie B
Salernitana,Cittadella,2,1,1.3,0.5,Serie B
Südtirol,Modena,2,1,0.8,0.3,Serie B
Bari,Juve Stabia,1,3,1.2,1.4,Serie B
Reggiana,Mantova,2,2,0.6,1.1,Serie B
Cosenza,Cremonese,1,0,2.4,0.4,Serie B
Catanzaro,Sassuolo,1,1,0.5,1.2,Serie B
Cesena,Carrarese,2,1,1.8,1.5,Serie B
Frosinone,Sampdoria,2,2,2.1,1.9,Serie B
Modena,Bari,2,1,2.6,1.3,Serie B
Südtirol,Salernitana,3,2,3.0,0.3,Serie B
Sampdoria,Reggiana,0,1,0.4,1.4,Serie B
Spezia,Frosinone,2,1,2.2,0.3,Serie B
Pisa,Palermo,2,0,1.0,1.5,Serie B
Sassuolo,Cesena,2,1,1.9,1.6,Serie B
Brescia,Cittadella,0,1,1.3,0.6,Serie B
Cremonese,Carrarese,1,0,1.5,1.0,Serie B
Catanzaro,Juve Stabia,0,0,0.6,0.8,Serie B
Mantova,Cosenza,3,2,1.1,2.2,Serie B
Cittadella,Pisa,1,1,0.7,1.3,Serie B
Cremonese,Palermo,0,1,1.2,0.7,Serie B
Reggiana,Brescia,2,0,1.2,0.7,Serie B
Bari,Sassuolo,1,1,1.8,0.5,Serie B
Salernitana,Sampdoria,3,2,1.3,2.3,Serie B
Frosinone,Modena,1,1,1.2,1.5,Serie B
Carrarese,Südtirol,2,0,1.4,0.8,Serie B
Cesena,Catanzaro,2,0,1.7,0.9,Serie B
Cosenza,Spezia,0,0,1.0,0.5,Serie B
Juve Stabia,Mantova,1,0,1.1,0.6,Serie B
Sampdoria,Bari,0,0,0.6,1.9,Serie B
Pisa,Reggiana,2,1,1.3,0.5,Serie B
Modena,Cittadella,0,1,1.1,0.7,Serie B
Sassuolo,Cremonese,1,4,1.8,2.3,Serie B
Südtirol,Brescia,1,2,1.5,0.5,Serie B
Mantova,Salernitana,1,0,0.4,0.2,Serie B
Spezia,Cesena,2,1,1.4,1.2,Serie B
Palermo,Cosenza,1,1,2.3,1.0,Serie B
Frosinone,Juve Stabia,0,0,0.4,0.5,Serie B
Catanzaro,Carrarese,3,1,1.9,0.4,Serie B
Cesena,Modena,2,2,1.5,2.2,Serie B
Cittadella,Catanzaro,0,0,1.0,0.5,Serie B
Juve Stabia,Palermo,1,3,1.5,1.6,Serie B
Brescia,Frosinone,4,0,2.3,0.4,Serie B
Cremonese,Spezia,1,1,0.6,1.3,Serie B
Bari,Mantova,2,0,1.5,0.5,Serie B
Cosenza,Sampdoria,2,1,0.4,0.7,Serie B
Carrarese,Sassuolo,0,2,0.6,1.3,Serie B
Reggiana,Südtirol,1,3,1.5,1.3,Serie B
Salernitana,Pisa,2,3,1.4,1.8,Serie B
Catanzaro,Cremonese,1,2,0.3,1.9,Serie B
Pisa,Brescia,2,1,2.0,1.1,Serie B
Cosenza,Sassuolo,0,1,0.7,1.2,Serie B
Reggiana,Salernitana,0,0,0.5,1.6,Serie B
Palermo,Cesena,0,0,0.9,0.5,Serie B
Sampdoria,Südtirol,1,0,0.5,0.7,Serie B
Modena,Juve Stabia,3,0,1.5,0.4,Serie B
Mantova,Cittadella,1,0,2.3,0.6,Serie B
Frosinone,Bari,0,3,1.7,1.2,Serie B
Spezia,Carrarese,4,2,3.4,0.8,Serie B
Cittadella,Frosinone,1,2,0.9,1.9,Serie B
Sassuolo,Spezia,0,0,0.4,0.6,Serie B
Bari,Cosenza,1,1,0.7,1.5,Serie B
Carrarese,Reggiana,0,0,1.3,0.3,Serie B
Juve Stabia,Pisa,2,0,1.6,1.1,Serie B
Salernitana,Catanzaro,0,0,0.6,0.1,Serie B
Cesena,Mantova,4,2,2.3,1.9,Serie B
Modena,Sampdoria,1,3,0.7,2.0,Serie B
Südtirol,Palermo,1,3,0.6,0.9,Serie B
Brescia,Cremonese,3,2,1.3,1.4,Serie B
Sampdoria,Juve Stabia,1,2,1.8,0.5,Serie B
Frosinone,Carrarese,0,1,1.5,0.7,Serie B
Spezia,Reggiana,1,0,1.2,1.4,Serie B
Sassuolo,Cittadella,6,1,4.3,0.4,Serie B
Pisa,Cesena,3,1,1.5,1.2,Serie B
Mantova,Brescia,1,1,2.0,0.5,Serie B
Catanzaro,Modena,2,2,0.4,0.7,Serie B
Cosenza,Südtirol,0,2,1.5,0.4,Serie B
Cremonese,Bari,1,1,1.3,0.8,Serie B
Palermo,Salernitana,0,1,1.6,0.4,Serie B
Bari,Catanzaro,1,1,1.9,0.8,Serie B
Salernitana,Spezia,0,2,0.8,1.3,Serie B
Modena,Palermo,2,2,1.8,1.6,Serie B
Cittadella,Cosenza,0,0,2.1,0.3,Serie B
Südtirol,Pisa,1,2,0.7,1.8,Serie B
Brescia,Sassuolo,2,5,1.8,2.2,Serie B
Reggiana,Frosinone,2,0,1.4,1.1,Serie B
Juve Stabia,Cremonese,1,2,1.2,1.0,Serie B
Carrarese,Mantova,1,1,1.8,1.2,Serie B
Cesena,Sampdoria,3,5,0.8,2.1,Serie B
Spezia,Bari,0,0,1.3,0.1,Serie B
Cosenza,Juve Stabia,1,1,1.0,1.6,Serie B
Palermo,Reggiana,2,0,2.1,0.9,Serie B
Cesena,Brescia,2,0,2.7,0.9,Serie B
Cremonese,Salernitana,2,1,1.2,0.5,Serie B
Carrarese,Cittadella,3,0,0.5,1.6,Serie B
Sassuolo,Modena,2,0,1.5,0.8,Serie B
Sampdoria,Mantova,1,0,1.6,0.8,Serie B
Frosinone,Pisa,0,0,0.6,1.1,Serie B
Catanzaro,Südtirol,3,0,1.4,0.9,Serie B
Salernitana,Cesena,1,1,0.7,0.3,Serie B
Reggiana,Cosenza,0,1,0.9,0.7,Serie B
Bari,Carrarese,0,0,1.4,0.8,Serie B
Modena,Cremonese,2,2,1.2,1.3,Serie B
Brescia,Spezia,1,1,0.6,1.2,Serie B
Juve Stabia,Sassuolo,2,2,1.3,0.7,Serie B
Südtirol,Frosinone,1,1,1.1,0.4,Serie B
Pisa,Catanzaro,0,0,1.9,0.1,Serie B
Mantova,Palermo,0,0,0.3,0.9,Serie B
Cittadella,Sampdoria,0,0,0.4,0.3,Serie B
Carrarese,Juve Stabia,0,0,0.4,0.5,Serie B
Bari,Reggiana,2,2,1.5,1.8,Serie B
Spezia,Modena,1,0,1.1,0.5,Serie B
Cesena,Südtirol,1,0,0.6,0.2,Serie B
Palermo,Cittadella,0,1,2.3,0.7,Serie B
Cremonese,Pisa,1,3,0.6,2.2,Serie B
Cosenza,Salernitana,1,1,0.7,1.2,Serie B
Catanzaro,Frosinone,0,0,0.7,0.8,Serie B
Sampdoria,Brescia,0,1,0.8,1.2,Serie B
Sassuolo,Mantova,1,0,2.2,0.5,Serie B
Frosinone,Palermo,1,1,0.5,0.7,Serie B
Pisa,Sampdoria,3,0,1.1,0.8,Serie B
Brescia,Cosenza,2,3,1.3,2.1,Serie B
Südtirol,Sassuolo,0,1,1.0,1.1,Serie B
Modena,Carrarese,2,0,1.2,0.2,Serie B
Mantova,Cremonese,1,0,0.9,1.0,Serie B
Reggiana,Catanzaro,2,2,1.1,1.4,Serie B
Cittadella,Cesena,0,2,0.3,2.5,Serie B
Juve Stabia,Spezia,0,3,0.8,1.8,Serie B
Salernitana,Bari,0,2,1.5,1.8,Serie B
Cosenza,Modena,1,1,1.4,2.0,Serie B
Carrarese,Pisa,1,0,1.2,0.3,Serie B
Catanzaro,Mantova,2,2,0.7,1.7,Serie B
Juve Stabia,Brescia,0,0,0.6,0.8,Serie B
Sassuolo,Salernitana,4,0,3.9,0.4,Serie B
Cesena,Reggiana,1,1,1.1,0.8,Serie B
Spezia,Südtirol,3,0,1.8,0.4,Serie B
Bari,Cittadella,3,2,1.9,0.9,Serie B
Cremonese,Frosinone,1,0,3.0,0.7,Serie B
Palermo,Sampdoria,1,1,1.6,0.6,Serie B
Reggiana,Sassuolo,0,2,1.7,0.6,Serie B
Sampdoria,Catanzaro,3,3,3.7,1.1,Serie B
Südtirol,Cremonese,0,4,0.9,2.1,Serie B
Cittadella,Juve Stabia,2,2,1.6,0.4,Serie B
Brescia,Bari,1,1,1.5,1.4,Serie B
Mantova,Modena,0,0,1.1,0.6,Serie B
Frosinone,Cesena,3,2,1.3,1.6,Serie B
Pisa,Cosenza,2,2,3.3,1.2,Serie B
Palermo,Spezia,2,0,2.4,1.1,Serie B
Salernitana,Carrarese,4,1,3.4,1.8,Serie B
Juve Stabia,Südtirol,2,1,1.7,0.5,Serie B
Carrarese,Palermo,1,0,1.9,1.2,Serie B
Mantova,Pisa,2,3,0.9,1.8,Serie B
Modena,Salernitana,1,1,0.7,1.0,Serie B
Bari,Cesena,1,0,0.8,1.0,Serie B
Cosenza,Frosinone,0,1,1.0,1.5,Serie B
Cremonese,Reggiana,0,2,0.7,0.9,Serie B
Spezia,Cittadella,5,0,3.1,0.6,Serie B
Catanzaro,Brescia,2,1,2.2,1.2,Serie B
Sassuolo,Sampdoria,5,1,1.9,1.3,Serie B
Pisa,Bari,2,0,2.9,0.8,Serie B
Frosinone,Sassuolo,1,2,0.6,1.3,Serie B
Südtirol,Mantova,2,2,1.7,2.1,Serie B
Reggiana,Modena,0,1,0.9,0.9,Serie B
Cesena,Cosenza,2,1,2.0,1.3,Serie B
Sampdoria,Spezia,0,0,0.5,1.9,Serie B
Cittadella,Cremonese,0,0,0.5,0.5,Serie B
Brescia,Carrarese,0,0,0.2,1.0,Serie B
Palermo,Catanzaro,1,2,2.1,0.9,Serie B
Salernitana,Juve Stabia,1,2,0.8,1.7,Serie B
Salernitana,Brescia,0,0,0.7,1.1,Serie B
Sassuolo,Palermo,2,1,2.0,1.0,Serie B
Mantova,Frosinone,3,1,1.6,0.9,Serie B
Bari,Südtirol,0,1,0.5,2.3,Serie B
Carrarese,Cosenza,1,0,1.5,0.5,Serie B
Catanzaro,Spezia,0,1,1.4,0.7,Serie B
Cittadella,Reggiana,3,1,0.4,1.0,Serie B
Modena,Pisa,1,0,0.7,1.1,Serie B
Juve Stabia,Cesena,1,0,1.4,0.1,Serie B
Cremonese,Sampdoria,1,1,2.4,0.8,Serie B
Pisa,Sassuolo,3,1,1.6,2.4,Serie B
Südtirol,Cittadella,1,2,0.7,1.1,Serie B
Reggiana,Juve Stabia,2,1,1.2,1.0,Serie B
Brescia,Modena,3,3,1.4,1.3,Serie B
Cosenza,Catanzaro,1,1,2.4,1.1,Serie B
Frosinone,Salernitana,2,0,1.5,0.2,Serie B
Cesena,Cremonese,0,1,1.1,0.8,Serie B
Spezia,Mantova,1,1,2.6,0.3,Serie B
Palermo,Bari,1,0,2.3,1.1,Serie B
Sampdoria,Carrarese,1,1,2.5,0.3,Serie B
Cremonese,Brescia,1,1,1.1,0.5,Serie B
Carrarese,Cesena,2,0,2.5,0.4,Serie B
Modena,Südtirol,0,0,0.4,1.0,Serie B
Mantova,Reggiana,0,2,0.2,1.6,Serie B
Sassuolo,Cosenza,2,1,1.3,1.2,Serie B
Bari,Spezia,2,0,1.6,1.2,Serie B
Catanzaro,Salernitana,1,0,1.0,0.7,Serie B
Cittadella,Palermo,2,1,0.7,1.9,Serie B
Juve Stabia,Frosinone,1,1,1.4,1.1,Serie B
Sampdoria,Pisa,0,1,1.1,1.0,Serie B
Salernitana,Sassuolo,1,2,1.6,1.5,Serie B
Cosenza,Mantova,2,2,1.3,0.7,Serie B
Frosinone,Cremonese,0,3,1.6,1.5,Serie B
Reggiana,Bari,0,0,0.4,0.7,Serie B
Palermo,Modena,2,0,2.0,1.0,Serie B
Südtirol,Catanzaro,1,1,1.4,2.3,Serie B
Spezia,Juve Stabia,1,1,1.9,0.3,Serie B
Cesena,Cittadella,0,0,1.1,0.7,Serie B
Brescia,Sampdoria,1,1,2.1,0.5,Serie B
Pisa,Carrarese,2,1,2.8,0.9,Serie B
Sampdoria,Cesena,1,2,0.8,1.5,Serie B
Salernitana,Reggiana,2,1,2.0,1.1,Serie B
Cremonese,Cosenza,3,1,2.5,0.5,Serie B
Modena,Frosinone,1,1,0.9,0.6,Serie B
Cittadella,Mantova,1,2,1.0,1.8,Serie B
Bari,Brescia,2,2,2.7,0.9,Serie B
Palermo,Juve Stabia,1,0,1.2,1.2,Serie B
Catanzaro,Pisa,0,0,1.5,0.5,Serie B
Sassuolo,Südtirol,5,3,1.8,1.0,Serie B
Carrarese,Spezia,0,4,0.5,1.7,Serie B
Spezia,Sassuolo,2,1,2.6,0.7,Serie B
Frosinone,Südtirol,0,3,0.9,1.6,Serie B
Cosenza,Cittadella,0,1,1.7,0.4,Serie B
Cesena,Bari,1,1,1.2,0.9,Serie B
Juve Stabia,Carrarese,2,1,0.7,0.8,Serie B
Mantova,Sampdoria,2,2,1.1,1.7,Serie B
Reggiana,Palermo,2,1,0.4,0.9,Serie B
Brescia,Catanzaro,2,3,1.9,1.9,Serie B
Pisa,Salernitana,1,0,1.7,0.4,Serie B
Cremonese,Modena,2,2,1.8,2.2,Serie B
Palermo,Pisa,1,2,1.1,1.1,Serie B
Cittadella,Spezia,0,2,0.9,2.0,Serie B
Catanzaro,Cesena,4,2,1.4,1.3,Serie B
Sassuolo,Juve Stabia,2,0,0.8,0.4,Serie B
Sampdoria,Cosenza,1,0,0.8,1.3,Serie B
Modena,Mantova,3,1,1.7,1.5,Serie B
Salernitana,Cremonese,1,0,2.1,1.8,Serie B
Carrarese,Brescia,1,2,1.4,1.4,Serie B
Südtirol,Reggiana,2,0,0.8,1.4,Serie B
Bari,Frosinone,2,1,1.6,1.5,Serie B
Brescia,Salernitana,0,0,0.8,0.3,Serie B
Mantova,Sassuolo,0,3,0.4,1.4,Serie B
Frosinone,Catanzaro,1,1,1.6,0.7,Serie B
Pisa,Cittadella,0,1,0.7,0.2,Serie B
Cosenza,Carrarese,1,0,0.2,0.5,Serie B
Sampdoria,Modena,1,0,2.0,0.6,Serie B
Reggiana,Cesena,0,1,0.5,0.5,Serie B
Spezia,Palermo,2,2,3.1,0.5,Serie B
Cremonese,Südtirol,3,1,1.8,0.3,Serie B
Juve Stabia,Bari,3,1,2.4,1.6,Serie B
Catanzaro,Cittadella,1,0,1.4,0.5,Serie B
Carrarese,Salernitana,3,2,2.0,1.2,Serie B
Modena,Spezia,1,1,0.7,1.8,Serie B
Sassuolo,Brescia,2,0,0.7,1.7,Serie B
Südtirol,Sampdoria,2,1,2.0,1.0,Serie B
Bari,Cremonese,1,1,0.6,2.0,Serie B
Juve Stabia,Cosenza,3,0,0.9,1.9,Serie B
Palermo,Mantova,2,2,1.8,0.9,Serie B
Frosinone,Reggiana,1,1,0.8,0.7,Serie B
Cesena,Pisa,1,1,0.8,1.5,Serie B
Sampdoria,Sassuolo,0,0,0.1,0.5,Serie B
Mantova,Bari,0,1,0.4,0.7,Serie B
Reggiana,Carrarese,2,2,1.4,1.4,Serie B
Pisa,Juve Stabia,3,1,1.6,0.9,Serie B
Cittadella,Modena,0,2,0.9,1.4,Serie B
Cremonese,Cesena,1,2,1.1,0.6,Serie B
Spezia,Catanzaro,0,1,2.6,0.9,Serie B
Cosenza,Palermo,0,3,2.4,2.1,Serie B
Brescia,Südtirol,0,0,1.3,0.7,Serie B
Salernitana,Frosinone,1,1,2.1,0.6,Serie B
Südtirol,Spezia,1,1,1.3,2.4,Serie B
Cesena,Salernitana,2,0,1.1,1.7,Serie B
Frosinone,Mantova,2,1,1.6,1.8,Serie B
Carrarese,Cremonese,2,2,1.2,1.8,Serie B
Juve Stabia,Cittadella,0,1,1.1,0.8,Serie B
Sassuolo,Pisa,1,0,0.9,1.0,Serie B
Modena,Cosenza,1,1,0.9,0.6,Serie B
Catanzaro,Reggiana,1,1,1.6,1.4,Serie B
Palermo,Brescia,1,0,2.4,0.6,Serie B
Bari,Sampdoria,1,1,0.9,2.0,Serie B
Cosenza,Reggiana,1,0,0.4,1.0,Serie B
Salernitana,Modena,1,0,1.0,0.9,Serie B
Cremonese,Catanzaro,4,0,3.8,0.4,Serie B
Carrarese,Frosinone,0,1,2.0,0.6,Serie B
Mantova,Juve Stabia,1,1,0.5,0.6,Serie B
Sampdoria,Palermo,1,1,1.2,1.4,Serie B
Brescia,Cesena,1,1,0.7,1.2,Serie B
Sassuolo,Bari,1,1,0.5,0.5,Serie B
Spezia,Pisa,3,2,1.5,0.8,Serie B
Cittadella,Südtirol,1,5,1.1,2.1,Serie B
Palermo,Cremonese,2,3,1.3,3.0,Serie B
Cesena,Spezia,0,0,1.2,2.3,Serie B
Cittadella,Sassuolo,1,2,0.8,2.2,Serie B
Frosinone,Brescia,2,1,0.6,1.3,Serie B
Juve Stabia,Modena,2,1,1.7,1.2,Serie B
Bari,Salernitana,0,0,0.7,0.7,Serie B
Pisa,Mantova,3,1,1.7,1.0,Serie B
Reggiana,Sampdoria,2,2,2.5,1.7,Serie B
Südtirol,Carrarese,2,2,0.9,1.0,Serie B
Catanzaro,Cosenza,4,0,1.3,0.5,Serie B
Spezia,Brescia,0,1,1.8,1.6,Serie B
Cosenza,Pisa,0,3,0.0,1.7,Serie B
Modena,Catanzaro,2,1,0.7,1.2,Serie B
Sampdoria,Frosinone,0,3,1.5,2.0,Serie B
Mantova,Südtirol,2,0,0.8,1.5,Serie B
Cremonese,Cittadella,2,2,2.6,0.9,Serie B
Sassuolo,Reggiana,5,1,2.2,0.6,Serie B
Carrarese,Bari,2,1,0.7,1.1,Serie B
Cesena,Juve Stabia,1,2,1.4,0.8,Serie B
Salernitana,Palermo,1,2,1.4,1.6,Serie B
Blackburn,Derby County,4,2,2.1,1.1,Championship
Preston,Sheffield Utd,0,2,0.6,1.0,Championship
Millwall,Watford,2,3,2.0,1.1,Championship
Cardiff City,Sunderland,0,2,1.0,1.8,Championship
QPR,West Brom,1,3,0.8,1.5,Championship
Middlesbrough,Swansea City,1,0,2.8,0.5,Championship
Hull City,Bristol City,1,1,1.7,1.2,Championship
Oxford United,Norwich City,2,0,0.9,0.8,Championship
Leeds United,Portsmouth,3,3,3.3,0.9,Championship
Stoke City,Coventry City,1,0,0.9,0.7,Championship
Sheffield Weds,Plymouth Argyle,4,0,4.4,0.2,Championship
Luton Town,Burnley,1,4,1.4,1.5,Championship
Coventry City,Oxford United,3,2,2.9,0.9,Championship
Portsmouth,Luton Town,0,0,0.9,0.9,Championship
West Brom,Leeds United,0,0,0.7,0.7,Championship
Derby County,Middlesbrough,1,0,1.0,1.6,Championship
Bristol City,Millwall,4,3,2.7,2.1,Championship
Swansea City,Preston,3,0,2.3,0.8,Championship
Burnley,Cardiff City,5,0,0.8,0.6,Championship
Plymouth Argyle,Hull City,1,1,0.7,0.8,Championship
Norwich City,Blackburn,2,2,2.1,0.8,Championship
Sheffield Utd,QPR,2,2,1.6,0.7,Championship
Watford,Stoke City,3,0,2.2,0.8,Championship
Sunderland,Sheffield Weds,4,0,1.6,0.4,Championship
Sheffield Weds,Leeds United,0,2,0.4,1.2,Championship
QPR,Plymouth Argyle,1,1,2.4,0.1,Championship
Hull City,Millwall,0,0,0.8,0.8,Championship
Bristol City,Coventry City,1,1,0.7,0.6,Championship
Sunderland,Burnley,1,0,0.7,0.1,Championship
Preston,Luton Town,1,0,0.3,1.6,Championship
Watford,Derby County,2,1,1.1,0.7,Championship
Blackburn,Oxford United,2,1,0.8,0.9,Championship
Stoke City,West Brom,1,2,1.8,1.5,Championship
Middlesbrough,Portsmouth,2,2,2.7,1.0,Championship
Norwich City,Sheffield Utd,1,1,1.0,0.8,Championship
Swansea City,Cardiff City,1,1,1.3,0.8,Championship
Luton Town,QPR,1,2,1.4,0.9,Championship
Cardiff City,Middlesbrough,0,2,0.5,0.8,Championship
Burnley,Blackburn,1,1,0.8,0.3,Championship
Coventry City,Norwich City,0,1,1.1,0.4,Championship
Portsmouth,Sunderland,1,3,0.4,2.0,Championship
Derby County,Bristol City,3,0,1.6,1.2,Championship
Leeds United,Hull City,2,0,1.5,0.5,Championship
Oxford United,Preston,3,1,1.8,1.0,Championship
West Brom,Swansea City,1,0,2.3,0.5,Championship
Millwall,Sheffield Weds,3,0,3.0,0.1,Championship
Plymouth Argyle,Stoke City,0,1,0.8,1.5,Championship
Sheffield Utd,Watford,1,0,2.2,0.8,Championship
Hull City,Sheffield Utd,0,2,1.4,0.7,Championship
Oxford United,Stoke City,1,0,1.1,0.5,Championship
Leeds United,Burnley,0,1,1.2,0.6,Championship
Millwall,Luton Town,0,1,1.0,0.6,Championship
Swansea City,Norwich City,1,0,0.7,1.1,Championship
Derby County,Cardiff City,1,0,1.5,0.3,Championship
Sheffield Weds,QPR,1,1,0.7,1.2,Championship
Blackburn,Bristol City,3,0,1.0,0.7,Championship
Watford,Coventry City,1,1,2.0,2.6,Championship
Plymouth Argyle,Sunderland,3,2,1.7,1.7,Championship
Middlesbrough,Preston,1,1,1.6,0.4,Championship
Portsmouth,West Brom,0,3,0.7,2.1,Championship
Stoke City,Hull City,1,3,1.0,1.9,Championship
QPR,Millwall,1,1,0.8,1.9,Championship
Norwich City,Watford,4,1,2.7,1.7,Championship
Sunderland,Middlesbrough,1,0,1.1,1.3,Championship
West Brom,Plymouth Argyle,1,0,2.6,0.8,Championship
Luton Town,Sheffield Weds,2,1,2.0,0.8,Championship
Bristol City,Oxford United,2,1,2.3,1.7,Championship
Sheffield Utd,Derby County,1,0,1.1,0.0,Championship
Burnley,Portsmouth,2,1,1.0,1.4,Championship
Coventry City,Swansea City,1,2,1.6,0.7,Championship
Cardiff City,Leeds United,0,2,0.1,2.9,Championship
Preston,Blackburn,0,0,0.3,0.8,Championship
Plymouth Argyle,Luton Town,3,1,1.6,1.7,Championship
Blackburn,QPR,2,0,2.2,0.5,Championship
Derby County,Norwich City,2,3,1.4,1.9,Championship
Sheffield Weds,West Brom,3,2,1.2,1.0,Championship
Leeds United,Coventry City,3,0,1.7,0.4,Championship
Watford,Sunderland,2,1,1.9,1.0,Championship
Millwall,Preston,3,1,2.6,1.1,Championship
Middlesbrough,Stoke City,2,0,2.4,0.7,Championship
Oxford United,Burnley,0,0,0.1,1.5,Championship
Portsmouth,Sheffield Utd,0,0,0.5,0.5,Championship
Hull City,Cardiff City,4,1,2.3,1.7,Championship
Swansea City,Bristol City,1,1,0.9,2.0,Championship
Burnley,Plymouth Argyle,1,0,1.4,0.6,Championship
QPR,Hull City,1,3,2.3,1.7,Championship
Sunderland,Derby County,2,0,1.0,0.9,Championship
Luton Town,Oxford United,2,2,1.3,1.7,Championship
Coventry City,Blackburn,3,0,1.2,0.5,Championship
Cardiff City,Millwall,1,0,0.8,1.3,Championship
Norwich City,Leeds United,1,1,1.4,0.9,Championship
West Brom,Middlesbrough,0,1,1.4,1.3,Championship
Stoke City,Portsmouth,6,1,2.5,1.3,Championship
Sheffield Utd,Swansea City,1,0,1.7,0.9,Championship
Preston,Watford,3,0,2.7,1.4,Championship
Bristol City,Sheffield Weds,0,0,0.9,0.3,Championship
Sunderland,Leeds United,2,2,1.6,2.3,Championship
Burnley,Preston,0,0,0.5,0.8,Championship
Portsmouth,Oxford United,1,1,2.0,1.9,Championship
Norwich City,Hull City,4,0,3.8,1.0,Championship
Plymouth Argyle,Blackburn,2,1,1.7,0.7,Championship
Watford,Middlesbrough,2,1,1.0,1.8,Championship
Swansea City,Stoke City,0,0,2.0,0.9,Championship
Sheffield Utd,Luton Town,2,0,1.4,0.4,Championship
Derby County,QPR,2,0,1.0,0.5,Championship
Coventry City,Sheffield Weds,1,2,0.7,1.5,Championship
West Brom,Millwall,0,0,0.7,0.5,Championship
Bristol City,Cardiff City,1,1,1.0,1.3,Championship
Leeds United,Sheffield Utd,2,0,1.2,0.2,Championship
Oxford United,West Brom,1,1,0.9,0.7,Championship
Cardiff City,Plymouth Argyle,5,0,2.5,0.5,Championship
Luton Town,Watford,3,0,1.3,0.5,Championship
Preston,Coventry City,1,0,2.0,1.0,Championship
Millwall,Derby County,1,1,1.9,0.7,Championship
QPR,Portsmouth,1,2,1.0,1.3,Championship
Stoke City,Norwich City,1,1,1.0,1.5,Championship
Middlesbrough,Bristol City,0,2,1.6,0.8,Championship
Sheffield Weds,Burnley,0,2,1.5,1.7,Championship
Blackburn,Swansea City,1,0,0.8,1.1,Championship
Hull City,Sunderland,0,1,0.5,1.0,Championship
Stoke City,Bristol City,2,2,0.9,2.4,Championship
Oxford United,Derby County,1,1,0.4,1.1,Championship
Leeds United,Watford,2,1,1.8,0.7,Championship
Preston,Norwich City,2,2,1.6,0.7,Championship
Cardiff City,Portsmouth,2,0,2.5,0.7,Championship
Sheffield Weds,Swansea City,0,0,0.6,0.8,Championship
QPR,Coventry City,1,1,0.7,0.7,Championship
Millwall,Plymouth Argyle,1,0,1.2,0.6,Championship
Luton Town,Sunderland,1,2,1.7,0.7,Championship
Blackburn,West Brom,0,0,0.9,0.4,Championship
Hull City,Burnley,1,1,0.9,0.7,Championship
Middlesbrough,Sheffield Utd,1,0,1.4,0.4,Championship
Portsmouth,Sheffield Weds,1,2,0.7,1.1,Championship
Bristol City,Leeds United,0,0,0.1,1.4,Championship
Coventry City,Luton Town,3,2,3.2,1.7,Championship
Watford,Blackburn,1,0,2.1,1.4,Championship
Burnley,QPR,0,0,1.2,0.1,Championship
Plymouth Argyle,Preston,3,3,1.1,2.1,Championship
Sheffield Utd,Stoke City,2,0,1.3,0.5,Championship
Sunderland,Oxford United,2,0,1.2,0.2,Championship
Swansea City,Millwall,0,1,1.9,0.3,Championship
West Brom,Cardiff City,0,0,1.6,0.7,Championship
Derby County,Hull City,1,1,0.6,1.1,Championship
Norwich City,Middlesbrough,3,3,1.1,3.3,Championship
Luton Town,West Brom,1,1,0.9,0.7,Championship
Oxford United,Swansea City,1,2,1.5,2.5,Championship
Blackburn,Sheffield Utd,0,2,0.6,2.2,Championship
Stoke City,Derby County,2,1,2.2,0.6,Championship
Cardiff City,Norwich City,2,1,0.6,1.5,Championship
Sheffield Weds,Watford,2,6,1.5,4.1,Championship
Preston,Bristol City,1,3,0.6,1.3,Championship
Hull City,Portsmouth,1,1,1.4,0.8,Championship
QPR,Sunderland,0,0,1.4,0.9,Championship
Middlesbrough,Coventry City,0,3,0.9,2.5,Championship
Leeds United,Plymouth Argyle,3,0,1.8,0.0,Championship
Millwall,Burnley,1,0,1.0,0.2,Championship
QPR,Middlesbrough,1,4,0.6,2.2,Championship
Sheffield Weds,Norwich City,2,0,2.0,0.4,Championship
Bristol City,Sheffield Utd,1,2,1.5,1.2,Championship
Oxford United,Hull City,1,0,0.6,1.1,Championship
Plymouth Argyle,Portsmouth,1,0,0.9,0.8,Championship
Swansea City,Watford,1,0,2.0,0.4,Championship
Blackburn,Stoke City,0,2,2.8,2.3,Championship
Millwall,Leeds United,1,0,0.2,0.7,Championship
Coventry City,Derby County,1,2,1.2,0.5,Championship
Preston,Sunderland,0,0,1.5,0.7,Championship
Luton Town,Cardiff City,1,0,1.0,0.4,Championship
West Brom,Burnley,0,0,0.8,1.0,Championship
Watford,Oxford United,1,0,1.7,1.4,Championship
Stoke City,Millwall,1,1,0.7,1.8,Championship
Middlesbrough,Luton Town,5,1,1.3,0.3,Championship
Cardiff City,Blackburn,1,3,1.6,2.4,Championship
Portsmouth,Preston,3,1,2.2,0.7,Championship
Leeds United,QPR,2,0,2.1,0.3,Championship
Norwich City,Bristol City,0,2,0.4,0.9,Championship
Derby County,Plymouth Argyle,1,1,1.1,0.1,Championship
Sunderland,Coventry City,2,2,0.7,0.6,Championship
Sheffield Utd,Sheffield Weds,1,0,0.5,0.4,Championship
Hull City,West Brom,1,2,1.2,1.2,Championship
Burnley,Swansea City,1,0,1.8,0.8,Championship
Plymouth Argyle,Watford,2,2,0.4,2.3,Championship
Bristol City,Burnley,0,1,0.7,1.4,Championship
Sheffield Weds,Cardiff City,1,1,2.8,1.3,Championship
Coventry City,Sheffield Utd,2,2,2.2,1.3,Championship
QPR,Stoke City,1,1,2.2,1.2,Championship
Millwall,Sunderland,1,1,1.3,1.0,Championship
Luton Town,Hull City,1,0,0.8,1.5,Championship
Preston,Derby County,1,1,0.3,0.5,Championship
Oxford United,Middlesbrough,2,6,0.6,3.5,Championship
West Brom,Norwich City,2,2,1.8,2.0,Championship
Swansea City,Leeds United,3,4,1.3,2.2,Championship
Watford,Bristol City,1,0,0.4,0.7,Championship
Burnley,Coventry City,2,0,1.0,0.1,Championship
Sheffield Utd,Oxford United,3,0,3.6,0.3,Championship
Stoke City,Preston,0,0,0.7,0.8,Championship
Norwich City,Plymouth Argyle,6,1,3.1,0.6,Championship
Hull City,Sheffield Weds,0,2,1.0,2.2,Championship
Sunderland,West Brom,0,0,0.9,0.4,Championship
Cardiff City,QPR,0,2,1.2,0.9,Championship
Middlesbrough,Blackburn,0,1,0.7,1.4,Championship
Leeds United,Luton Town,3,0,2.1,0.9,Championship
Derby County,Swansea City,1,2,3.4,0.2,Championship
Sheffield Utd,Sunderland,1,0,0.9,1.7,Championship
Middlesbrough,Hull City,3,1,1.8,1.2,Championship
Watford,QPR,0,0,0.8,2.2,Championship
Oxford United,Millwall,1,1,0.9,0.9,Championship
Blackburn,Leeds United,1,0,2.2,1.4,Championship
Stoke City,Burnley,0,2,1.0,3.0,Championship
Swansea City,Portsmouth,2,2,2.8,1.3,Championship
Coventry City,Cardiff City,2,2,2.5,0.7,Championship
Norwich City,Luton Town,4,2,1.8,1.5,Championship
Bristol City,Plymouth Argyle,4,0,3.2,0.2,Championship
Preston,West Brom,1,1,0.9,0.5,Championship
Derby County,Sheffield Weds,1,2,1.8,0.9,Championship
Burnley,Middlesbrough,1,1,0.6,1.1,Championship
Sunderland,Stoke City,2,1,2.4,1.0,Championship
Leeds United,Derby County,2,0,1.2,0.2,Championship
Sheffield Weds,Preston,1,1,1.5,3.0,Championship
Hull City,Blackburn,0,1,1.0,0.3,Championship
QPR,Norwich City,3,0,0.8,0.3,Championship
Millwall,Coventry City,0,1,0.5,1.7,Championship
Portsmouth,Bristol City,3,0,2.4,1.2,Championship
Luton Town,Swansea City,1,1,1.2,2.1,Championship
West Brom,Sheffield Utd,2,2,0.8,1.7,Championship
Luton Town,Stoke City,2,1,2.1,1.3,Championship
Sheffield Weds,Blackburn,0,1,0.9,0.9,Championship
Burnley,Derby County,0,0,1.3,0.6,Championship
Plymouth Argyle,Swansea City,1,2,1.2,1.9,Championship
Portsmouth,Norwich City,0,0,0.8,0.3,Championship
Sunderland,Bristol City,1,1,1.6,0.4,Championship
Leeds United,Middlesbrough,3,1,2.0,0.5,Championship
Cardiff City,Preston,0,2,0.7,1.1,Championship
Millwall,Sheffield Utd,0,1,0.9,1.4,Championship
QPR,Oxford United,2,0,0.7,0.1,Championship
Hull City,Watford,1,1,1.5,1.2,Championship
West Brom,Coventry City,2,0,0.5,2.2,Championship
Derby County,Portsmouth,4,0,1.8,0.6,Championship
Bristol City,QPR,1,1,2.0,0.3,Championship
Coventry City,Hull City,2,1,3.2,0.9,Championship
Preston,Leeds United,1,1,0.6,2.2,Championship
Swansea City,Sunderland,2,3,1.1,1.0,Championship
Stoke City,Cardiff City,2,2,1.8,1.8,Championship
Blackburn,Luton Town,2,0,1.7,0.9,Championship
Middlesbrough,Millwall,1,0,1.1,1.3,Championship
Sheffield Utd,Plymouth Argyle,2,0,1.3,1.1,Championship
Oxford United,Sheffield Weds,1,3,1.4,1.9,Championship
Watford,West Brom,2,1,1.4,1.4,Championship
Norwich City,Burnley,1,2,1.1,0.5,Championship
Luton Town,Derby County,2,1,1.0,0.6,Championship
Hull City,Swansea City,2,1,1.4,0.8,Championship
Sheffield Weds,Stoke City,2,0,1.5,2.1,Championship
Portsmouth,Coventry City,4,1,2.1,1.7,Championship
Burnley,Watford,2,1,1.2,0.6,Championship
QPR,Preston,2,1,2.1,0.3,Championship
Millwall,Blackburn,1,0,1.0,0.5,Championship
Leeds United,Oxford United,4,0,2.9,0.9,Championship
Cardiff City,Sheffield Utd,0,2,0.3,0.8,Championship
Plymouth Argyle,Middlesbrough,3,3,2.9,1.9,Championship
Sunderland,Norwich City,2,1,0.8,0.7,Championship
West Brom,Bristol City,2,0,1.8,0.7,Championship
Watford,Portsmouth,2,1,1.5,0.2,Championship
Norwich City,Millwall,2,1,2.0,0.4,Championship
Middlesbrough,Sheffield Weds,3,3,1.2,1.8,Championship
Preston,Hull City,1,0,0.6,0.7,Championship
Oxford United,Cardiff City,3,2,1.5,0.6,Championship
Coventry City,Plymouth Argyle,4,0,2.0,0.3,Championship
Blackburn,Sunderland,2,2,1.9,1.2,Championship
Sheffield Utd,Burnley,0,2,0.8,0.7,Championship
Bristol City,Luton Town,1,0,0.3,0.7,Championship
Swansea City,QPR,3,0,1.6,0.4,Championship
Derby County,West Brom,2,1,0.7,1.3,Championship
Stoke City,Leeds United,0,2,0.3,2.2,Championship
Sheffield Utd,West Brom,1,1,1.3,1.0,Championship
Norwich City,QPR,1,1,2.1,0.2,Championship
Preston,Sheffield Weds,3,1,3.1,1.1,Championship
Watford,Cardiff City,1,2,1.0,1.5,Championship
Oxford United,Plymouth Argyle,2,0,1.1,0.6,Championship
Blackburn,Hull City,0,1,1.2,1.1,Championship
Stoke City,Sunderland,1,0,0.8,2.0,Championship
Swansea City,Luton Town,2,1,2.2,0.6,Championship
Coventry City,Millwall,0,0,0.4,0.6,Championship
Bristol City,Portsmouth,3,0,3.0,0.2,Championship
Derby County,Leeds United,0,1,0.3,2.6,Championship
Middlesbrough,Burnley,0,0,0.5,0.6,Championship
Plymouth Argyle,Bristol City,2,2,1.6,1.7,Championship
QPR,Watford,3,1,1.5,0.7,Championship
Millwall,Oxford United,0,1,0.9,0.7,Championship
Portsmouth,Swansea City,4,0,1.7,1.1,Championship
Cardiff City,Coventry City,1,1,1.1,2.3,Championship
Luton Town,Norwich City,0,1,1.0,0.5,Championship
West Brom,Preston,3,1,1.1,0.9,Championship
Leeds United,Blackburn,1,1,1.2,0.5,Championship
Sheffield Weds,Derby County,4,2,2.1,2.5,Championship
Burnley,Stoke City,0,0,1.4,1.2,Championship
Hull City,Middlesbrough,0,1,0.3,0.9,Championship
Sunderland,Sheffield Utd,2,1,1.0,1.6,Championship
Stoke City,Plymouth Argyle,0,0,1.0,0.1,Championship
Blackburn,Burnley,0,1,0.9,0.2,Championship
Swansea City,West Brom,1,1,0.9,1.1,Championship
Hull City,Leeds United,3,3,2.3,1.8,Championship
Bristol City,Derby County,1,0,1.3,0.4,Championship
Watford,Sheffield Utd,1,2,1.5,1.1,Championship
Norwich City,Coventry City,2,1,2.0,1.1,Championship
Sheffield Weds,Millwall,2,2,1.9,1.3,Championship
Preston,Oxford United,1,1,2.1,0.6,Championship
Middlesbrough,Cardiff City,1,1,0.8,0.5,Championship
Sunderland,Portsmouth,1,0,2.3,0.5,Championship
QPR,Luton Town,2,1,2.2,2.1,Championship
Cardiff City,Watford,1,1,0.7,1.0,Championship
Plymouth Argyle,Oxford United,1,1,0.6,0.4,Championship
Blackburn,Portsmouth,3,0,1.3,1.1,Championship
Burnley,Sunderland,0,0,0.7,2.8,Championship
Millwall,Hull City,0,1,0.7,0.6,Championship
Cardiff City,Swansea City,3,0,0.8,0.3,Championship
Plymouth Argyle,QPR,0,1,0.2,2.8,Championship
Portsmouth,Middlesbrough,2,1,0.9,1.6,Championship
Luton Town,Preston,0,0,0.5,0.0,Championship
Sheffield Utd,Norwich City,2,0,2.0,0.3,Championship
Oxford United,Blackburn,1,0,1.3,0.9,Championship
West Brom,Stoke City,1,1,1.7,1.0,Championship
Coventry City,Bristol City,1,0,0.9,0.9,Championship
Derby County,Watford,0,2,1.4,1.8,Championship
Leeds United,Sheffield Weds,3,0,1.9,0.4,Championship
Swansea City,Sheffield Utd,1,2,1.4,1.8,Championship
Derby County,Sunderland,0,1,0.7,0.6,Championship
Oxford United,Luton Town,3,2,0.9,0.7,Championship
Watford,Preston,1,2,0.4,2.4,Championship
Middlesbrough,West Brom,2,0,1.0,0.9,Championship
Blackburn,Coventry City,0,2,0.9,1.8,Championship
Hull City,QPR,1,2,1.1,1.3,Championship
Millwall,Cardiff City,2,2,0.7,1.0,Championship
Leeds United,Norwich City,2,0,1.3,0.1,Championship
Portsmouth,Stoke City,3,1,2.1,0.5,Championship
Sheffield Weds,Bristol City,2,2,1.0,1.0,Championship
Plymouth Argyle,Burnley,0,5,0.4,2.9,Championship
Sheffield Utd,Hull City,0,3,1.3,0.4,Championship
Luton Town,Millwall,0,1,1.4,1.6,Championship
Stoke City,Oxford United,0,0,0.4,1.2,Championship
Norwich City,Swansea City,5,1,3.0,1.4,Championship
Sunderland,Plymouth Argyle,2,2,0.6,1.0,Championship
QPR,Sheffield Weds,0,2,0.4,0.8,Championship
Cardiff City,Derby County,2,1,2.2,1.2,Championship
Preston,Middlesbrough,2,1,0.4,1.3,Championship
Bristol City,Blackburn,2,1,1.9,1.9,Championship
Coventry City,Watford,2,1,1.3,0.6,Championship
West Brom,Portsmouth,5,1,3.0,1.6,Championship
Burnley,Leeds United,0,0,0.2,0.4,Championship
Portsmouth,Millwall,0,1,1.1,1.3,Championship
Blackburn,Preston,2,1,1.7,0.8,Championship
Oxford United,Bristol City,1,1,1.0,0.6,Championship
Plymouth Argyle,West Brom,2,1,1.6,2.0,Championship
Watford,Norwich City,0,1,0.7,2.3,Championship
Hull City,Stoke City,1,2,1.7,1.2,Championship
Derby County,Sheffield Utd,0,1,0.8,0.9,Championship
Portsmouth,Burnley,0,0,1.3,0.6,Championship
Millwall,QPR,2,1,0.7,0.8,Championship
Leeds United,Cardiff City,7,0,5.7,0.1,Championship
Sheffield Weds,Luton Town,1,1,2.7,0.4,Championship
Swansea City,Coventry City,0,2,0.2,1.7,Championship
Middlesbrough,Sunderland,2,3,1.4,2.1,Championship
Burnley,Oxford United,1,0,1.5,0.3,Championship
QPR,Blackburn,2,1,1.3,1.5,Championship
Coventry City,Leeds United,0,2,0.5,3.6,Championship
Sunderland,Watford,2,2,2.9,1.3,Championship
West Brom,Sheffield Weds,2,1,1.6,1.4,Championship
Sheffield Utd,Portsmouth,2,1,1.3,3.1,Championship
Norwich City,Derby County,1,1,0.7,1.1,Championship
Bristol City,Swansea City,0,1,1.0,1.8,Championship
Derby County,Oxford United,0,0,0.8,0.3,Championship
Watford,Leeds United,0,4,0.5,2.0,Championship
Portsmouth,Cardiff City,2,1,1.5,0.8,Championship
Coventry City,QPR,1,0,1.1,0.8,Championship
Norwich City,Preston,0,1,0.7,1.0,Championship
Swansea City,Sheffield Weds,0,1,0.2,0.8,Championship
Sunderland,Luton Town,2,0,1.3,0.3,Championship
Plymouth Argyle,Millwall,5,1,2.6,0.8,Championship
Burnley,Hull City,2,0,1.5,0.3,Championship
Bristol City,Stoke City,2,0,1.5,0.3,Championship
Sheffield Utd,Middlesbrough,3,1,2.6,1.3,Championship
West Brom,Blackburn,0,2,0.6,0.7,Championship
QPR,Derby County,4,0,0.9,0.8,Championship
Oxford United,Portsmouth,0,2,1.4,1.5,Championship
Preston,Burnley,0,0,0.3,1.0,Championship
Cardiff City,Bristol City,1,1,1.7,1.4,Championship
Millwall,West Brom,1,1,0.7,0.4,Championship
Stoke City,Swansea City,3,1,0.9,0.8,Championship
Hull City,Norwich City,1,1,0.9,1.3,Championship
Luton Town,Sheffield Utd,0,1,1.4,1.8,Championship
Blackburn,Plymouth Argyle,2,0,2.2,1.5,Championship
Middlesbrough,Watford,0,1,1.0,1.6,Championship
Sheffield Weds,Coventry City,1,2,1.5,1.4,Championship
Leeds United,Sunderland,2,1,2.0,0.5,Championship
Preston,Millwall,1,1,1.3,0.3,Championship
Luton Town,Plymouth Argyle,1,1,1.7,0.2,Championship
Bristol City,Middlesbrough,2,1,2.3,1.3,Championship
Burnley,Sheffield Weds,4,0,1.6,1.1,Championship
Plymouth Argyle,Cardiff City,1,1,1.0,1.2,Championship
Sunderland,Hull City,0,1,1.1,1.0,Championship
Derby County,Millwall,0,1,0.4,2.2,Championship
West Brom,Oxford United,2,0,2.7,0.3,Championship
Portsmouth,QPR,2,1,1.7,0.8,Championship
Coventry City,Preston,2,1,1.8,1.0,Championship
Norwich City,Stoke City,4,2,2.9,1.7,Championship
Swansea City,Blackburn,3,0,2.1,0.4,Championship
Watford,Luton Town,2,0,2.4,0.7,Championship
Sheffield Utd,Leeds United,1,3,1.0,1.4,Championship
Cardiff City,Hull City,1,0,0.5,0.3,Championship
Stoke City,Middlesbrough,1,3,1.1,2.2,Championship
Sheffield Weds,Sunderland,1,2,1.4,1.0,Championship
Oxford United,Coventry City,2,3,1.5,2.4,Championship
Blackburn,Norwich City,1,1,1.1,0.6,Championship
Leeds United,West Brom,1,1,1.2,0.7,Championship
Middlesbrough,Derby County,1,0,1.0,0.2,Championship
Luton Town,Portsmouth,1,0,0.7,0.5,Championship
Stoke City,Watford,0,0,0.6,0.5,Championship
QPR,Sheffield Utd,1,2,1.4,0.9,Championship
Millwall,Bristol City,0,2,0.9,1.7,Championship
Hull City,Plymouth Argyle,2,0,2.5,0.2,Championship
Preston,Swansea City,0,0,1.9,0.5,Championship
Cardiff City,Burnley,1,2,1.3,1.4,Championship
Norwich City,Oxford United,1,1,1.7,0.4,Championship
Watford,Millwall,1,2,1.4,0.7,Championship
Coventry City,Stoke City,3,2,0.9,2.2,Championship
West Brom,QPR,1,0,0.8,1.1,Championship
Plymouth Argyle,Sheffield Weds,0,3,0.3,1.6,Championship
Burnley,Luton Town,4,0,2.7,0.2,Championship
Swansea City,Middlesbrough,1,0,1.0,0.4,Championship
Bristol City,Hull City,1,1,2.4,0.9,Championship
Sunderland,Cardiff City,2,1,2.3,0.6,Championship
Derby County,Blackburn,2,1,2.0,1.6,Championship
Sheffield Utd,Preston,1,0,1.3,0.3,Championship
Portsmouth,Leeds United,1,0,0.7,2.3,Championship
Norwich City,Sheffield Weds,2,3,1.7,1.9,Championship
Sunderland,Preston,1,1,2.1,0.8,Championship
Derby County,Coventry City,2,0,0.6,0.7,Championship
Burnley,West Brom,1,1,1.5,0.6,Championship
Middlesbrough,QPR,2,1,1.1,0.9,Championship
Cardiff City,Luton Town,1,2,0.7,1.0,Championship
Sheffield Utd,Bristol City,1,1,1.4,1.5,Championship
Leeds United,Millwall,2,0,0.9,0.2,Championship
Watford,Swansea City,1,0,0.6,0.7,Championship
Portsmouth,Plymouth Argyle,1,2,1.7,0.3,Championship
Hull City,Oxford United,2,1,1.7,0.6,Championship
Stoke City,Blackburn,1,0,1.6,0.6,Championship
Bristol City,Norwich City,2,1,1.1,2.6,Championship
QPR,Leeds United,2,2,0.8,1.4,Championship
Millwall,Stoke City,1,0,1.2,0.7,Championship
West Brom,Hull City,1,1,1.0,1.2,Championship
Luton Town,Middlesbrough,0,0,2.4,0.3,Championship
Preston,Portsmouth,2,1,2.4,0.6,Championship
Oxford United,Watford,1,0,0.6,1.3,Championship
Coventry City,Sunderland,3,0,2.8,0.6,Championship
Blackburn,Cardiff City,1,2,0.5,0.8,Championship
Plymouth Argyle,Derby County,2,3,1.0,0.9,Championship
Swansea City,Burnley,0,2,0.5,1.8,Championship
Sheffield Weds,Sheffield Utd,0,1,1.3,1.3,Championship
Sheffield Utd,Coventry City,3,1,1.6,1.1,Championship
Hull City,Luton Town,0,1,0.7,0.7,Championship
Watford,Plymouth Argyle,0,0,1.9,0.6,Championship
Burnley,Bristol City,1,0,1.9,0.3,Championship
Norwich City,West Brom,1,0,0.9,1.1,Championship
Cardiff City,Sheffield Weds,1,1,1.7,0.4,Championship
Leeds United,Swansea City,2,2,1.4,1.6,Championship
Portsmouth,Blackburn,1,0,0.3,0.6,Championship
Sunderland,Millwall,1,0,2.1,0.8,Championship
Middlesbrough,Oxford United,2,1,2.4,1.4,Championship
Stoke City,QPR,3,1,1.5,0.5,Championship
